Id,price
PSJEN,5.81
PVZW7,5.774
EJLAM,6.399
SDHPB,6.15
MJGYX,6.078
W2IB5,2.141
QQ6N7,2.871
KZ8D0,4.093
6GVSR,2.205
M13UD,4.936
JGFX2,2.685
SWFBE,5.397
AGG3O,5.781
8SXGU,4.132
8UQUQ,5.741
RWSBZ,2.508
CP2YK,4.06
0UCG1,2.185
N5NBU,2.324
RXDRA,6.656
27BDQ,4.289
DQFIY,3.762
4HRAF,5.364
PDWVC,2.389
G5EYJ,4.898
3IKG8,5.958
EPXVM,7.305
1JEZF,6.527
DQMFO,6.789
STTV9,4.725
P4KXV,4.852
A674U,3.947
R9H7N,2.946
6D5IK,6.148
BZ7OW,5.297
DFIHL,3.305
W2ANQ,5.115
8GHVJ,2.704
NGVRV,2.403
YWB7E,2.546
9OQ8H,4.383
A9ZUC,6.755
0KTAT,4.398
EFH52,6.686
SVGB8,4.343
Y1V2Z,6.516
FS5NB,5.371
4RPAU,3.82
LVNF6,5.818
CYPSM,3.377
DSO0M,2.317
M3ACR,5.587
5L50R,6.247
NTRRT,6.739
A7LZK,2.87
RU0FN,3.544
F6PFT,4.204
CZ87K,2.194
YQA3V,5.5
QRLCI,2.533
NX1FT,4.519
YVEVU,7.564
QJTED,6.774
SRM83,5.013
RCL70,7.66
G9W6L,6.342
DIFMN,5.346
BBKR1,5.246
U0JSY,3.567
IZSTN,4.726
8E88L,4.084
8Y6GN,2.425
RKVBT,2.189
237ZJ,6.565
IYIJ4,3.456
YZGC0,5.77
SJZGW,2.865
GYY14,5.336
X0WCC,4.597
MT2VJ,3.887
WZBUX,7.141
EFRXO,5.959
JCYGL,4.018
MAIVS,5.455
XRZAJ,6.536
NVORT,7.161
VVORD,6.99
0MJI6,2.414
N2HY5,2.579
BZBGI,4.023
YGOKR,3.547
ITPMU,6.5
VIFI5,2.751
N58DR,4.9
AKEJQ,6.238
727KF,4.335
8VLUJ,3.56
XHNBZ,5.249
S0PGX,5.987
Y34EV,2.121
FZP4L,3.133
ZMP4A,3.279
VOWIY,6.825
IAMA5,6.712
X7I0M,7.873
URP86,3.135
AIJMH,7.014
XA3O1,7.915
I8BXR,2.063
KS4K1,3.193
NRE9B,4.306
NQQZ5,4.527
FSBE0,4.87
LUXQP,5.657
ZZFPV,5.771
BXXS4,3.1
EAPAB,3.171
JSOYD,7.359
BBYRE,3.092
BNXDV,6.285
5S34I,5.451
3XLB7,7.288
1RKHW,2.575
YZ7H7,4.215
SZMVD,5.22
KPHGW,6.276
P0CLW,7.638
DAMSV,7.015
NSE43,4.311
AILIP,2.536
DVAQ5,7.34
MAQEI,3.225
PK0WF,7.833
FWV5N,7.687
OLO9A,7.059
6U5T0,4.083
9T8KY,5.186
5DYDN,7.682
OGMI8,2.609
CJ08D,4.908
TYHNM,2.345
7WFXL,5.449
3Q27W,4.688
H4I4X,2.466
CZ5HY,4.299
2CRD9,6.98
CRMW9,2.178
F5BHJ,3.663
UJDBB,6.18
P5TLG,3.903
FL4W8,2.168
XEXHT,7.897
S0PXG,6.203
BSO8R,7.093
48XUP,7.194
JIC3L,5.636
UKKYH,3.411
2ECHB,4.953
MTNOV,7.769
VPVX1,3.6
1QMWD,4.727
XBPK3,7.754
YMMIZ,3.327
GD0L2,4.996
RMPMB,4.217
KWPGJ,4.548
OYNWD,4.704
PUD5Z,5.792
PR7XD,7.466
D47GJ,5.523
61DHI,4.814
EZGZM,6.923
1BLQQ,3.529
M1U0O,2.781
RMHFR,7.032
F70IB,3.213
I64PE,5.716
YFL3B,7.506
9NLZ4,7.432
V4C3F,3.994
HZFOM,4.161
TYUSC,4.306
SGCXB,2.769
83BEJ,5.707
J2YZZ,6.699
ZSO74,7.587
I52OO,2.182
3NXPW,2.974
VY3LK,7.063
YIJSE,2.462
Y7ZJP,2.19
5ZCZC,5.124
VFBGY,7.21
CYDWT,2.838
GVB85,6.128
BSZI3,5.903
4OLRX,3.643
LW6JE,4.005
FQUF5,3.985
KIRAO,6.393
FOJQ8,4.195
CYWAU,7.555
PENXD,5.951
TGD4F,6.623
OHRDA,7.996
9O6I4,4.656
VXQMW,6.101
8FI93,3.983
YGV5S,4.47
OFIVI,6.234
HPJQE,3.62
PTOZE,6.809
1W0JW,6.725
58IMQ,5.215
BDX7X,2.608
XT5QI,4.587
GHM51,2.39
C7GLA,3.162
AMB4Z,2.238
KIUHW,5.225
C0ESZ,3.135
5IXXZ,3.257
B5N5G,4.776
2RFZI,3.556
YKNOS,3.751
8LY2C,6.592
UIU6S,2.659
XPCLM,7.369
CBZFX,6.148
CA0XI,3.749
OISKQ,4.752
RACD0,2.447
MLNXR,5.461
EEXB6,5.075
YOC4F,5.974
O9VS9,3.581
9OCMO,4.87
5YMHR,4.988
QIQKT,2.907
Z8BJK,6.355
JVMVK,6.536
ALOYT,5.49
ZAS8J,4.69
PGM1N,2.823
AXLOM,4.338
CP7JU,4.275
Q1NJS,6.026
5NEHP,3.53
EOQFD,3.637
FLV7P,7.547
AD5JH,5.739
LWCN3,2.195
VQQOC,7.345
TIYLM,5.554
XFVPN,2.377
D2WEN,2.783
6ICVR,6.856
KVZXE,2.87
2X9EV,2.474
U0BSV,5.095
VYXF7,6.73
FPOCN,3.135
KU2FH,4.336
XGYS5,6.765
6HCQH,5.075
JUBMB,6.362
OJUCB,3.411
PLUSQ,7.329
OY9XN,6.906
ZZXHQ,3.732
YANKV,4.182
VUHOH,5.74
AHQ9I,2.68
LOCWE,2.678
4MSPR,7.424
YNBUM,6.766
2L3L8,4.559
JHALJ,6.883
US1Y0,5.703
DYT2I,6.747
BUFX2,5.224
BCMFA,6.378
ERFUN,7.008
XYO8P,4.371
WIINZ,2.709
G8MIB,6.312
5VGWA,3.344
6WMLI,2.511
GLIE6,3.086
UJCSJ,4.298
D9RR6,3.985
1EMSK,5.276
XTIS6,6.601
FXHUZ,5.294
YK7OM,2.926
XRSJL,4.209
96OYY,5.301
UAPG1,3.235
JZHNV,3.513
PS7EJ,4.309
YYE9I,3.564
CONDE,4.379
GKLZQ,6.526
C1VOO,3.256
VD5QM,4.392
LSHGH,4.523
ETEXG,3.058
NUOYK,2.519
7Q6AC,4.737
ZE6P9,2.931
W7CNE,2.871
NTYKH,5.197
ZR3QV,6.432
RYP2Z,4.125
3Q3F8,3.918
A3YT6,6.89
EY6N9,2.489
SK0HA,2.882
D2TZU,5.1
QXSUD,7.48
DP6YU,7.603
20YJI,2.785
4UONV,3.509
ILMSL,5.891
UFIII,3.823
UJVOP,7.068
Y0AP4,5.913
3LOFP,6.296
6IAQ2,5.429
ROBXA,4.451
I1NFK,7.337
J2WVV,6.245
O0WGR,5.221
WLGAM,5.363
IQV59,6.964
Z7RNP,4.065
Q11DU,5.199
EZR9C,3.743
XD6KZ,3.91
U20BD,4.72
YLFED,7.315
N3B6M,7.034
EG9AR,6.123
JYPAY,4.593
EY4SN,4.695
REIJ9,2.835
U47O9,2.39
G145U,6.516
RBSJ0,3.434
TQMNF,5.382
WCTXU,7.17
L8Z4X,3.795
SFFJI,2.461
VW26K,2.864
K2SRN,3.351
C9SQ0,2.982
ULCH5,6.252
XGEUW,5.211
IPYY1,7.7
5DO3Z,4.583
PGS1H,6.83
R5M4H,3.872
FNBJR,2.38
EU7KP,4.416
KFOHQ,2.467
VMGTW,4.582
JGBJS,4.034
LLBQL,3.696
BLJX9,3.622
EZUNN,2.796
9FP14,2.52
FZUW4,6.841
CNCBB,5.296
GCJD6,2.048
JUIY6,6.193
4ENLA,3.634
WLB6X,5.103
MGL4T,3.364
R9XBF,4.986
HQHEV,7.864
SA0ZM,3.065
QUUFB,6.242
PPRA3,4.029
IHJ42,2.569
O92RP,5.826
6EHUR,5.67
ZAN7R,6.874
K55HG,7.503
LEEGO,6.501
924JA,2.088
BVCFK,5.75
IQYJH,4.237
LYGZ2,5.201
H7YFQ,2.369
MKZK0,6.047
F71JF,3.321
UL4BH,5.654
1SIY5,3.603
CIQYO,7.551
CNM9D,3.626
IQ1VK,5.149
BEB2B,2.948
KPDAY,4.117
HZZNA,6.216
BUM4N,2.599
ATMJW,5.422
LAEN5,4.686
FVQMO,6.318
RKTMG,2.182
DTGZA,2.779
SPKIE,4.053
7JYXQ,5.719
A1XH2,5.79
HF8YA,5.011
NLGKY,3.242
MK6L0,2.53
DRXIJ,4.538
MDBJ4,2.442
R3Y2T,4.964
MBGXD,5.96
ABHYR,3.92
93D8R,6.113
KL28X,6.119
DVWPM,2.915
1LNCW,4.726
ZKUUS,2.961
BMD0C,5.273
XHJDY,6.712
3AZGV,7.549
INQIF,7.176
69YZF,6.412
RRQFA,7.875
YMIQM,2.587
XSXMZ,4.912
I8O1X,3.994
UO9A3,7.905
ZJZRF,2.467
IAJEF,5.792
R9YG5,3.54
LVAZU,6.988
RODIX,2.574
JHUYL,5.301
IYMLR,6.328
WW222,4.164
RMCGJ,7.143
AYG0H,4.316
OH2D2,6.792
ZMECM,4.38
IMTVF,6.327
CXDVO,6.802
EPLOX,4.469
UOB5F,2.387
HO7RU,2.214
GIQUN,4.311
VVMNC,7.032
GZOTB,3.304
KBCAD,5.795
8Z7TN,7.544
Q2O5G,2.845
NHHDE,6.98
OYZLH,3.971
74ZLM,2.425
WHK61,4.531
BDKFY,7.748
K6XFW,5.339
JDAZP,6.343
SSD9W,5.97
RBC6D,5.782
JIGYT,4.542
MQL9C,7.71
PIKTG,3.725
YHXGB,2.576
CYERD,5.229
R8MPB,5.037
2PFYG,6.832
UKEQ3,2.27
ZFQJW,3.561
UJA48,2.862
1BU1B,3.949
OFQ8W,2.157
XVXB7,7.528
XCS1Z,3.829
BWUKZ,7.856
KVZ6P,6.767
BJ2RX,7.729
KU65N,6.325
OZS0H,4.768
WNOCH,2.32
54FJZ,6.501
XX55F,5.681
DPWQW,7.307
NFNRW,3.88
EO32Y,6.216
U2NDW,6.335
GJCYK,6.106
B96DS,6.353
SKDL1,3.819
SSLS5,7.798
TCSTJ,4.274
MHLHZ,5.514
52ZTJ,4.362
VFADP,2.798
5ETH7,5.662
QKOAZ,3.028
ZOKNQ,4.188
1V3JA,7.473
UPNU5,7.451
ABCSV,3.759
RPZY1,2.683
TDCQU,7.392
N2X68,2.495
IO7S5,7.162
Q2WV1,5.959
XYUEE,7.916
RHINX,3.59
PAVAW,3.173
TIOJM,7.212
PW7QG,7.238
RQTAM,6.493
9QMC4,3.009
CU4S4,6.007
WIVXQ,5.436
970EX,2.431
DLGYM,7.145
H3ETS,4.34
FHRYG,7.627
FZLZP,5.832
PWPDH,3.846
VOAIF,3.262
OVHAR,7.71
XGN4D,4.394
TKT9J,3.069
7E5WO,2.308
4BD1M,4.398
0IVOE,6.635
0Y31B,3.505
K3MDA,2.834
B2YWG,2.462
VSZ5M,7.647
6BBZH,3.719
XKHTW,6.315
1LTYI,4.366
OW509,2.455
4CIN1,7.483
FN5GC,6.509
XGGJU,5.423
WMTBF,4.328
ITI59,5.295
5XRSV,6.643
ZSHHP,3.503
WOHWV,2.868
RXITE,3.665
QZ5DH,2.392
T9DW5,7.148
A5BOH,3.139
2VD3J,7.099
ADPFE,3.937
LDFPF,2.346
ZNWRI,5.0
XZHAH,5.743
0KTMK,4.927
2IIOD,7.765
ZRUR3,7.247
DNVAE,6.024
PHGZ0,7.043
PSTH6,5.05
1VAM0,4.665
NOE7N,4.571
77VHY,6.476
HV3TD,4.912
BJVZ6,2.464
BNQD0,6.934
NDTOB,4.521
BBZQN,3.26
GLG6C,4.524
NE6JQ,3.818
AA7RY,4.119
NFXSI,7.288
7EMT7,5.97
ASDN3,2.105
NZ2LI,2.353
9INWP,6.1
5NODI,3.148
BF2RO,3.376
GK9AL,2.927
D7QDX,6.092
G0TXK,6.398
HCRIL,6.202
OLXAM,7.258
TXMFS,7.04
KZA7J,6.868
GCJCA,5.35
BOFGO,7.966
N1540,3.021
QQIJX,5.744
XK39I,6.091
HJRUZ,6.137
YDIGK,5.795
B5JFM,4.854
NK07Y,2.225
FYWIJ,3.666
RRZE9,3.411
G23HI,2.123
YNPZQ,5.279
N7QMD,6.573
IFITA,3.224
EQMZP,7.526
F1CK9,7.667
O9482,7.08
LJY2O,4.485
HFYJD,2.31
JXW2D,5.444
NCKCC,6.952
RRHCX,3.173
FWOF6,7.654
ASCEP,5.585
CDKPT,6.916
PBSY3,4.741
8CUCI,4.939
FJTYU,6.556
FU4VH,5.2
7WTFU,5.694
YVFQM,7.84
JS0QG,7.091
WEALY,3.201
ELKCL,3.986
ZJJCE,2.376
UGKGB,7.752
YV7Q5,6.626
YAT3W,3.637
GO5DW,2.628
OEHCS,6.409
OF0DR,7.358
CHSQ5,4.258
2NCP5,6.592
VQYXY,7.764
DFKOO,5.4
68DEL,5.011
JGXRC,5.876
NSOB9,7.924
P6Z8D,5.884
WZLF5,6.02
OEB0P,7.723
AE6NS,4.643
ER7AE,3.581
8OL8N,7.6
1JFK1,7.268
0A69B,4.529
EG8RA,4.315
GOPDI,2.258
QKJ49,7.949
7RIEJ,4.447
ALWUX,7.744
PEBB6,3.865
YK1SQ,6.753
GN7FH,4.291
P8LK6,3.718
FZUST,3.347
V1ADI,3.657
FF5I1,4.261
MIIJC,3.382
SZKJ4,2.447
MYJNY,4.316
JYTRB,3.249
VE9FH,5.185
UEJXA,7.649
H87UZ,4.248
5SSSW,3.543
I1LOX,4.298
84ISM,5.099
8UCXQ,6.022
BQXI9,7.377
NMK3T,6.547
9UQPO,3.08
E0DUV,3.081
GRL7G,7.785
ZSXXR,7.651
6GZMA,4.538
GJNOF,6.29
27XYA,5.116
SZ4L1,2.57
GKIOV,2.763
UDQQS,7.295
VFWJV,7.434
P2TOG,7.67
7MGNB,6.169
WEQBV,4.238
JPJYG,6.232
O0IO5,4.94
HF3S2,4.076
FNCRF,2.98
PMBUZ,2.138
5FJWK,3.279
IMREH,7.705
KVS2T,7.396
D8EU2,2.626
H010B,6.102
S1Z2B,7.88
KYGEY,7.701
QY5IB,6.504
0LXKG,2.773
AV4BU,7.917
UTSP8,7.116
LTT7J,7.405
IWAWJ,7.351
IXI0S,6.789
9CDF7,4.105
4WYC7,4.502
45CU5,3.68
EXKPH,2.417
JSEUZ,7.005
YODFI,5.068
FSBB8,6.794
UN8IB,6.872
DBVRI,6.351
CBTHM,5.976
YUK8P,6.292
31QPF,3.931
4OWQA,5.797
OCOAM,7.644
IZC1K,7.295
RSMJ5,2.463
O51GH,7.946
TRLFK,3.997
I6CUI,7.987
AXEWY,2.001
HLIK1,5.105
GTLAI,4.535
IO379,2.52
PN07Y,6.948
MKLPA,5.415
2RHRR,3.237
PWK9I,3.827
TSX4Z,6.26
VSZAD,2.36
ULOLA,3.515
YRGSX,6.011
D5L8K,3.721
MB2G7,2.691
HKXRA,7.906
LGGYN,6.092
9ZQCQ,6.421
TZPZM,7.747
DG541,6.493
FFSYV,3.34
SUN4Q,6.178
NFEMJ,4.636
EM3PX,5.639
0JDXD,4.266
WXURQ,5.941
CKXBI,6.709
CH9TM,5.836
JHTRA,4.105
4ALA0,6.788
VNO3C,6.731
OCMME,4.587
FCLAB,7.239
L5U8F,7.993
W3F8B,3.237
2DDSY,6.127
TJDXE,7.144
4ORVU,7.714
4WSJL,5.287
33U5Q,4.192
NPDVL,7.848
TJEMI,4.12
H5FCZ,4.074
XNGFH,7.084
SYAOF,4.622
RHCE6,6.341
QRK6V,3.578
DLBHJ,6.941
L6MGY,6.024
ZY5RF,2.043
UIB18,2.922
52ZVA,3.902
8SMDI,4.221
Q1UY0,5.558
69S0W,5.056
CMHH0,7.634
WDU7B,2.545
ZMUQE,2.9
HTLGW,3.68
YOTG1,7.402
FZNFA,5.983
RQRBE,3.451
VJYWV,3.244
6RG2I,7.724
C1D8G,2.481
CDWSK,3.612
W4PUE,5.638
UT5ZK,4.635
U70AV,4.174
LHHKI,2.103
BDAX5,7.621
XIXMC,6.524
YE3CV,5.664
RCU9N,2.121
USJ6U,3.759
JGBEW,3.569
ARVTV,4.41
RBT34,3.008
XQHCG,6.722
Y8Z1F,4.401
33DLE,4.126
HAT4A,7.058
3QFZD,2.477
9E81J,2.285
SJRKT,7.841
9YJLY,5.723
YR7XR,7.297
YAPZ9,2.839
OORVD,4.103
K5RVF,2.758
8IAAB,4.068
HMSGR,7.426
CK58Z,7.905
NYRRT,5.029
6UZWL,7.559
XZHDF,2.77
WVPSA,6.604
UZTVY,3.614
9Z3EC,2.94
BEOL9,2.32
T46CY,6.64
A2TFR,4.696
KBYGJ,2.629
NMCWT,4.224
I2BYC,3.366
6UFJU,6.562
KSUUF,7.514
V8KKQ,5.661
WORZS,7.631
JGWYY,6.139
K3T9Y,7.577
ZSWAV,4.79
OTU2X,2.601
4DUJY,3.633
3GUAM,7.299
W7DEJ,3.527
Z6HF0,3.3
KE87Q,4.978
XFHCJ,2.67
1OCR5,5.33
NL6JD,6.603
2V1N4,4.66
SIALV,3.837
OO040,5.285
SGFEB,5.996
8SQGW,2.047
IFA4N,3.8
UYMDW,3.656
KFIJZ,4.062
SG4UX,3.04
L7MA9,5.871
LSJX6,3.501
R5CE5,7.393
WTAFF,5.874
H0BTY,4.039
DGCFM,6.8
ILTV4,6.813
L8QGA,3.494
HW8L3,3.91
BQGIL,5.982
LKHBX,3.009
BPYOW,3.487
BA1KK,4.469
OCBC4,7.412
1GWIP,2.499
6BGN5,5.282
EDWYG,3.798
XBG7F,6.0
DVYIP,7.913
PIFQZ,7.666
P79YQ,4.056
9DXDQ,6.585
JVDOG,4.901
S2SWG,3.146
HAE9L,5.15
7EIJS,6.199
R86P9,6.622
ZCTA4,5.814
TV406,7.684
CWDGR,3.266
KA1HM,3.419
RXWVT,5.191
VFWAS,6.1
TSEDV,6.027
FEYQY,3.038
IZPVC,6.587
LDRI9,4.726
66JK4,6.879
VCIML,6.937
QTUVT,6.088
B75W0,2.675
ZQSH1,2.234
PQGYW,2.019
KKMQG,7.198
BPTVR,7.466
3JBLC,3.586
MIUBA,2.833
VJN90,2.013
R70BA,4.207
5IZ2T,3.971
VWRR0,5.867
EOQTX,7.88
OVWEN,7.067
15J7Q,2.904
WPXHL,2.531
PPC78,2.991
UGGM2,7.352
JWOAI,4.582
01JNQ,2.283
DFPZC,5.662
FAWYB,2.379
HOQUS,2.879
7G9SM,5.629
QOSYV,2.719
ZLOEL,5.921
G0OAR,6.771
TIMIB,6.363
RAQBF,4.927
FV1IP,6.714
AL9PE,4.227
WBTWB,5.343
RFP4V,7.776
N7FDR,5.701
LRMYA,3.801
XPNRJ,6.463
ZMZIU,7.906
IM0ZK,4.284
QXME6,7.254
FNSXH,5.06
WVIS8,5.301
ZKTTP,5.551
K58CZ,2.894
3A1HG,3.506
RSQ8B,5.082
39SMC,5.605
O2VVN,3.259
CCBWI,7.991
POLKC,6.597
WGL5V,6.298
DW0HT,2.223
2FXNT,2.509
PWYLL,5.408
I0Y1D,7.171
UHJJU,3.318
GMKPG,5.496
QDXME,5.373
WKLJH,5.182
CP4IJ,3.243
S3NFD,6.484
FZITE,2.371
CXRFL,2.18
Q0BFZ,6.253
22NSM,6.96
RUVKS,3.037
C25T9,2.15
IH3TJ,2.608
CCJU1,4.597
RKEHF,6.19
ZFST5,5.869
LUCLV,4.902
BGPA8,5.651
EEYEX,3.398
E3DYP,6.675
MMEFV,7.447
QXO0Z,2.079
KIINX,5.447
MQ7LE,6.834
V0INB,4.017
CYTPS,4.978
JIIX1,2.075
DOHKT,4.034
6NJ3M,5.7
6UYLR,5.819
Y9FNN,7.463
YGJ3Y,4.715
OZKQI,2.251
UTCFF,4.942
QSYUW,3.936
ROH3S,7.562
MU2NK,2.514
DKLZZ,3.548
NIIEO,6.542
0UURH,5.923
GZJG1,4.519
JBWWT,4.21
OBBUQ,6.269
GVDZQ,5.084
O9D5M,3.111
6ITSB,3.169
DIZFR,6.674
S3WGO,7.567
NZGL0,2.335
MP29A,3.902
AIBXY,4.339
1AMRV,7.325
SC0OP,4.126
GU4WO,4.516
ZPOO2,4.527
1T1RJ,7.907
5BFQY,4.338
2DIDV,3.478
9KL8B,6.583
Z4JZY,7.265
JKUTR,2.136
DGBHY,5.466
TX0NW,4.158
SEEQN,5.498
GKIGY,2.528
N9G6J,5.111
C8TCJ,4.593
6LDZU,4.29
ZMUXG,7.398
RZDGR,6.272
1KWHV,3.811
PEXRW,2.101
3BR4Y,3.024
GLCSY,5.502
1YC9Z,5.883
O3GVL,2.963
FMJFT,7.187
9ZU7J,6.552
VYYX1,5.965
8Q8TM,7.556
KTQKX,6.788
IE012,3.824
AEAR5,4.8
RSWCP,2.9
8QEAX,6.845
TLU0O,5.752
LX4LD,2.95
9MOYU,7.311
ECW4J,7.291
RUF4L,7.999
ZYBX0,5.19
EWAFM,5.263
GAN2M,4.379
W0ZG4,2.982
VQEIV,3.808
P3KTJ,3.005
IEEF6,5.152
DE0J2,6.798
B9ZMZ,4.815
DBACI,3.71
XCRHL,7.013
0X2SZ,4.761
BTPM8,6.298
NQRAS,4.304
72QJP,7.692
ROAFY,6.662
3WVUV,5.701
HGCFH,4.517
B602M,5.959
HREHC,6.333
YQP07,6.137
LRN7C,2.683
LIX1J,7.597
MRSTG,4.446
UFKOT,5.217
EGFNT,2.862
FGESF,3.721
RWNQU,3.541
TPMLZ,7.853
ZM1ZT,5.348
STCSW,5.677
YESNR,5.396
LIHRJ,5.327
RGNWK,2.355
NUHDE,3.889
JK3AK,6.466
QFZKX,6.844
56SCU,2.592
XB0SD,3.494
XAGFW,2.095
7UDKE,6.915
8TBZG,6.15
CBCGM,5.777
M4BWY,7.937
VNYPS,2.416
QFYMY,5.579
7BWFU,6.422
NVQOU,4.106
3JXKN,4.474
IXSLK,2.227
LADQF,5.574
1VJLC,5.674
LEU6T,6.196
346D3,6.462
9M5OT,4.415
L1QMR,6.13
RLLLP,5.1
FT5RP,7.436
UYDYK,3.651
4DYDE,2.308
FW3FJ,4.87
EVQ8S,6.91
LAQAA,4.564
TSCGY,6.384
LDWJC,4.358
RCBWF,3.139
3UNP2,6.121
MCLZN,7.832
7XLES,7.665
VGN59,2.449
ALRGW,7.244
9MN1I,2.141
AFUBS,7.983
7IGW2,2.701
LBTJL,3.759
BQ3EM,2.779
K3JSO,2.674
CIBTJ,5.531
OG8KD,6.163
D5AR7,5.185
1V5IH,5.042
TZ6U3,2.683
VTTYM,4.262
WSHF9,2.286
XYMHG,3.95
IKZKH,4.031
BKRF7,6.302
8FZRN,5.204
OETRD,7.017
W1RYY,2.994
PXBJ3,7.43
MNBS8,7.674
LHULN,4.849
BIHQL,6.33
2B2AN,3.449
NOSVU,5.346
VULN4,4.246
AOHVP,7.038
U9ZWK,6.558
X9JFD,6.65
RXUNA,7.855
R8ALY,4.055
IROEY,2.22
XKUBA,2.911
SMOUD,2.072
BYEXY,4.448
K2MLO,5.347
VQPXR,4.15
PHOD3,3.234
7XKQO,2.164
MSG3K,4.818
JAJRM,5.49
KBEUD,2.612
A5YUQ,2.598
JKD2L,3.724
ZYN40,2.103
XYGZM,7.738
LSBU0,3.224
YKLHU,3.401
X1MSF,5.674
KBDIO,4.851
8XTNC,7.374
HHGLY,7.103
UCW0E,7.778
ORBB5,4.937
ZCIQC,4.315
0FOQT,5.778
DXMAG,4.371
4C25E,6.382
Y0QKN,4.342
QKY6M,7.815
PKLDS,7.208
KE8MZ,5.932
XB6YZ,7.334
48JKQ,6.919
UWDAV,6.476
M8VUV,4.471
IISYT,6.665
KJ6PV,3.077
DB6TZ,6.141
MRRAR,6.25
GCLNL,4.464
LUFNM,3.52
EVCCO,7.873
8P0VY,6.719
RPZTN,7.916
WFAY1,5.682
DC8DT,3.305
8FBTK,3.473
0B1HT,3.053
UAXWY,3.444
9KRB6,5.8
351RD,4.359
4R84P,5.515
UJBUX,3.119
RJ1XY,3.344
6SL6G,4.65
RGNCU,3.355
FWYCT,7.961
MZG9T,4.76
QTAOE,4.374
ZKPPS,5.52
VBBXP,5.946
BIIVV,5.298
GWBN0,2.235
FDBWK,3.725
5NBQO,7.094
CV6SG,5.867
MRAKM,6.226
2NWNS,7.172
RTZ4T,5.053
XMKW7,7.463
VLML2,3.013
1NJJQ,5.423
IV8RZ,7.145
UMPIQ,7.065
TOTWA,4.985
WQNPV,6.836
NJH5Q,5.147
D7Z4K,7.712
3FQFN,3.628
7F8IG,3.373
OBYD0,6.027
TPA0F,2.707
IX9VE,6.795
HDTYU,7.165
0EKPM,6.278
AFEXL,3.297
UYNLG,2.306
O2LEO,3.698
X8NWO,4.533
JUTPW,6.142
AMJET,2.763
IOUX4,3.155
J0ANK,2.734
BUEAX,3.753
PASOS,7.253
SKZ0A,2.826
NH8ZD,7.397
BYGJ9,5.29
QLCGP,4.407
BHD0A,4.071
6NKAD,2.155
YWXOO,3.504
WS9GQ,4.69
CKGIO,4.341
TXEHJ,7.691
VUCJY,6.186
GYCZP,3.026
XSU09,2.827
LXCD7,5.544
SXV1G,2.678
CX8NH,4.672
ZPSEJ,3.708
RJ1UP,4.8
O4I8H,3.427
UQS0I,3.888
JBYS3,3.704
FCX65,4.486
ZCPY4,7.292
AFFBJ,4.274
PMYH2,6.541
2AILD,2.246
IPMSL,5.318
6O5RE,4.338
O7CO7,3.44
EKANT,2.125
8RVNY,4.514
PHVQG,2.71
ACC9M,2.464
6E8BR,3.339
VHHUA,7.687
NFHLE,2.902
7J2LD,2.269
IVA48,2.311
XOPEF,6.914
RNV2S,3.099
E5TJK,5.011
TPKM5,5.148
F3SZ6,7.036
MRVRO,2.111
RIBHY,5.628
CPKRW,6.329
4CZ89,7.571
REHUU,5.891
USWLB,4.306
SGRGK,4.926
SJHLJ,4.191
ORKSE,5.443
IELBI,4.218
YXNPN,6.515
NQHDO,5.941
6ODCB,2.683
NRBGC,5.305
MKEDI,2.642
YNLVS,6.621
VXVYY,4.922
PE6RM,3.138
HX4PX,7.049
JW2QI,2.82
9YEDR,5.85
VO3RW,5.614
MKHDT,3.569
ZXMKY,3.201
4DIRE,4.111
MUN6R,3.96
ZRGFA,4.001
17RRL,4.792
QXBEF,6.229
8HSZA,2.372
QJ9XG,5.707
MG067,4.833
U8KX8,2.877
SJL4O,6.699
NMPK3,6.017
S9D42,7.411
Q7TLS,5.827
7LBQN,7.702
TIEQE,5.976
SEUQA,2.284
D0QNG,4.989
TRMUG,2.609
NESEB,4.76
RDF9J,3.085
JEDWA,5.953
ANOPL,3.44
HKEJU,7.827
ZDET2,5.941
WXEZF,5.689
4GWX8,3.825
IUCYT,2.372
V6NJN,6.425
4WNCG,5.011
XL8RA,2.267
ID5JD,5.768
7FOMB,3.878
Y80C3,2.36
1OJHQ,6.755
SCQXX,6.423
WPFZ1,4.986
WWPNV,6.152
UQPWB,2.357
IK0VW,6.531
ZLLUI,6.527
2TFBL,7.143
KXI8F,6.829
T4GUV,4.8
GTICH,6.385
1QCBY,7.82
FL7PG,5.574
YWPDJ,6.191
DK2IZ,3.92
F3NVO,7.457
BZOSK,4.884
ED9KK,4.005
CK2I3,5.391
GZGSA,6.395
IETXT,6.419
IHGZJ,7.848
SEVHJ,2.005
QWURW,2.102
QXK2W,4.917
TCQEY,6.249
9DOZK,7.929
0VUD7,4.343
9OWGE,6.024
ZAINL,3.771
MLJOK,3.786
MTADW,2.709
9QDKH,4.426
O3IJS,6.487
ADB7Y,3.68
LWSEB,6.814
RLGFF,6.212
EY5EG,6.359
H2LJM,6.372
AUWXX,5.131
WNAWM,4.644
SH94T,3.636
MWD5I,6.315
GCQRD,2.595
XCDPY,3.027
7K6AH,3.467
0KSBM,7.413
6NOBC,6.992
BASDK,5.08
HSZNO,6.939
HMGUH,5.504
XJ1QG,6.854
FHHSD,2.214
XIRVH,5.221
QFMSO,6.239
YQTAG,7.292
QGHJW,6.582
8XRSU,5.281
KSYAT,4.41
U3Z9T,7.333
SJTPM,3.152
4NYSB,2.734
TW623,2.908
VDGX1,6.624
VZY9N,5.595
ZJCBA,3.036
CLFEI,4.511
R8JIH,5.138
F8SSV,5.563
Y0ZP7,4.323
7FYXV,4.847
OD7YZ,2.877
BULAE,4.769
90UFF,3.354
DPZCS,5.934
BWQGC,6.235
XBFQK,5.079
SN4CN,3.577
XTFV6,5.467
UEPD9,4.956
7C30U,3.434
A7SFC,6.013
UFZMM,6.485
T1N6X,4.858
0Z3K3,7.987
VZFRT,7.42
GDCAK,5.524
S94CI,3.847
FTORS,4.249
KGBF5,5.655
UUMBS,3.691
YDBFT,3.856
QID4V,6.209
MESC1,7.703
EWWVR,3.684
927Y3,7.469
LFGUB,3.708
Y0AUW,7.194
N0GSE,3.305
ZJIBC,3.51
9MUGK,5.209
NYI9J,7.693
IMSDL,4.754
TFYGP,5.176
OAVDG,2.833
TSWAX,7.713
DXUGW,5.508
ZRD7R,6.165
16UYQ,4.444
FGHHK,2.373
CHCWA,4.546
3ZBXG,3.052
KVLYI,2.848
BJLUU,5.137
D2OKD,3.23
LKEZZ,7.968
AUBD9,7.524
4FMVU,3.975
9VJWG,5.826
J2UFJ,6.495
WFCA3,7.184
0MPUB,5.864
QBOLA,3.643
BO1MB,4.203
VDQKQ,6.86
HAHHA,5.238
6NM21,5.85
J1UAA,7.341
UEGAT,4.272
NS2OK,7.583
GUOIK,3.193
IEYPL,3.01
FMNQX,4.015
RPDOH,6.816
HWPZ5,7.139
AJ9BE,6.542
IOC7J,6.618
LIVFK,5.96
RO4GH,5.392
XCF2O,5.567
SIC5F,5.096
38UR3,2.166
WPTYI,4.59
C5YZX,5.474
8IWDY,5.105
XYR6S,3.459
YJGZS,6.858
WMEHR,4.463
6R4KZ,3.518
33CN8,6.955
AHEJ6,3.782
YIGPU,2.395
9AMNW,4.846
T4PYR,2.964
XNDLP,4.462
23OJU,7.0
XRPCS,2.972
HU1B1,5.535
WTTUC,3.694
DSFYS,3.001
ILJT6,7.042
HM40M,4.221
X1MYH,3.456
TUJE8,5.063
F52QJ,4.379
Y23Y1,7.0
2ANRR,7.92
RM8OI,5.69
Z8L3L,6.807
CTX0Z,5.234
DLMOY,3.917
SRRYH,2.757
BXAOW,6.23
NK6DA,3.669
Q2GUC,2.107
JBCMC,7.169
IJYZG,3.549
QCGPL,5.72
3KGPQ,2.299
QMR0I,7.295
TA24C,2.693
FUUNH,5.503
PLMQQ,5.409
TQM4T,6.797
DLCOH,2.556
7I0TK,5.655
EKQTF,5.541
EZYK5,3.762
7CFYF,4.464
WD9LK,2.801
YGT2J,4.708
AHRLK,6.58
Y5WB5,3.715
TKY50,3.224
4BMSQ,3.988
KEKG1,6.609
0ORXE,2.212
7PAAB,3.423
RXN9H,4.13
ORVWU,2.193
QGD39,7.153
QBU54,5.199
A7LAW,3.244
ZNUEV,4.781
ASAYG,5.723
VCPIM,2.403
GJAPF,6.453
MHNNK,7.27
WAL9C,7.264
941KX,5.809
LJX6Y,6.452
WTR5G,5.534
HA0PA,3.254
KFSRI,6.887
ZNWPW,3.613
KY5MD,2.923
XNXCH,4.789
H0CEM,6.132
CWST2,2.552
GPIFH,7.538
SWGEI,2.843
UA7VK,4.941
WTG4M,5.555
KVNZA,4.671
R2I7Z,3.375
8VGSN,7.86
VGQRC,6.391
STVCB,7.074
HOU1Q,4.294
JGAGF,6.304
YGUSE,3.522
BWPH2,4.378
UCVSW,7.161
NIAB7,2.298
L3QX6,3.076
C9KN2,3.531
XX4NZ,2.913
D9XDP,7.61
GDRJZ,5.009
ZQMKH,3.477
HWPJS,2.749
XHTYG,6.424
ELQ5R,4.793
FQZBX,6.405
BEW0P,7.485
NWE64,5.062
JZMDF,5.196
UKQUU,4.458
6LINI,6.108
Q72J2,2.223
QD7RR,3.287
DDN0J,5.198
YEWKG,4.582
RSMAI,2.574
5KNYP,4.64
PCILY,6.471
KLTEZ,6.017
9GH1C,4.241
P88TW,5.814
PUKAO,3.701
AJXEO,4.714
IARRM,3.877
HAQQI,2.855
OQ26N,5.329
6JWHQ,3.35
YQ1BT,5.741
DQQFL,6.527
4Y7ZT,6.237
ASREZ,4.475
DLMW2,6.271
D4D8L,3.377
6WOPA,4.242
3HHAO,5.958
Y0X0I,2.82
CLULT,5.627
L64Y6,4.44
C4OH9,3.594
OIVWP,7.938
KSDG0,4.983
AUOKY,5.952
3BMCV,6.874
Z332W,6.14
LONF9,5.513
ZUMCU,5.213
AQTTI,2.631
8UFD3,4.449
0RHUY,6.59
23BZG,6.262
MJFE4,7.37
6DBI2,2.699
WGWJL,5.094
4GMDL,4.28
FWB8C,7.343
Y5LHU,4.543
ZUKP3,5.17
6BP5H,4.637
BQ3SG,7.503
OEJZF,2.693
C6VCL,7.551
VUNRR,2.089
9LXVR,2.715
BLEQW,6.262
COKYX,7.851
G71EU,5.583
FF86U,7.688
CMVSD,3.337
DXPYT,3.534
CRDSM,4.266
CADX6,5.358
IXXPV,7.868
FCVSX,3.262
GDBLH,2.456
U6CO5,6.786
6YX2L,5.657
3PS5V,4.795
S0CSQ,4.663
5XXHH,5.586
TT8WE,3.006
L99BN,3.655
WC1VD,7.179
V5LRT,2.425
CJBE8,3.409
OEL4V,6.847
G1UID,6.747
DENHE,2.899
HZWQM,5.581
6RRJN,7.283
M4NLF,4.788
OYRJC,7.872
DDI6K,7.383
FB5DY,2.548
JN5CM,2.246
XTHD7,5.395
1MLD4,2.504
TCG7M,4.883
YZAGR,2.331
CRHXR,5.739
BFDGX,3.4
Z3SKY,3.992
XHZUT,5.229
MWKPK,2.882
TAXZV,4.713
BUJHH,4.319
2EFUZ,6.236
CWPNI,6.579
DXGKF,3.35
M5XQG,7.734
B2ZPX,4.634
ZL4FA,5.019
ALX84,6.676
WTQDG,7.654
EFS2B,7.363
EYEBX,2.037
SDDKH,4.105
PE64C,3.767
Y5RZU,2.376
ZFIMD,6.011
SZHCX,6.696
SGFN6,6.106
TFCMS,5.442
DQ5GF,4.182
YWGKW,3.455
JFKXV,7.251
UZ9NT,2.647
MUJHK,4.396
VPRMH,3.481
QMX5J,7.339
LVVHO,5.03
INLDE,7.124
7XYYO,4.982
6DPPO,5.622
CNLXL,3.003
Y33OP,3.348
JO13P,3.088
ZTWB1,4.854
W3Y8L,4.474
VJDIV,3.057
YSIK3,6.309
XG7NK,2.129
JMQP3,3.377
CXCVY,5.468
PDRHR,6.009
BE2Y4,4.039
FXWFI,4.369
7GBPX,2.916
YKLMT,3.925
DOI37,5.034
S6MF8,7.604
QTUFB,4.574
ZQ6XA,2.312
R458Z,2.772
3OUZL,7.025
AE3XR,7.802
QAOG9,7.698
YVXDJ,6.645
M2RSC,5.256
DXPAM,7.641
GBXAJ,3.664
WO5RT,4.931
FXPTT,3.756
5T4DG,2.663
MULNF,5.944
PBDBG,3.022
MUTAC,5.752
8AP2U,4.883
O4ILA,6.976
JP3D9,3.45
HW8VR,4.37
J1G1E,6.069
H8MFX,7.849
ORCMI,7.293
YLTIZ,4.471
QOKWD,6.517
8MZY5,3.261
8IYYL,5.517
IJSFT,6.457
QX2RS,5.618
GBTUT,3.564
5CECO,2.297
OSMU1,3.521
STDPG,4.092
ME4AQ,7.774
REBBE,5.744
REARN,2.497
1LA3T,4.268
9VM8Z,3.364
EQIN7,4.994
YTQXX,7.093
F6LZK,4.327
Z4NEL,7.759
3VABY,6.693
MT6QI,2.572
ZESH8,4.695
AZZWH,5.765
S0WUO,2.815
CZOAL,7.854
TEKUG,2.046
VU8R2,3.728
8WCAV,6.225
5E1QW,4.247
RIM8V,3.188
CTYJ1,3.066
K4NSI,6.895
B1IAJ,6.817
2RKAA,3.032
GKOBC,6.792
KBK3S,6.429
ZSVMT,7.127
DLQHQ,2.311
MUJLZ,3.772
KYQCG,7.226
DWVER,3.461
EW6HE,4.649
APAGK,4.119
RSY9W,2.659
CL4G7,2.271
L2CMG,3.508
DQUSR,5.64
FADQA,2.153
C8PLE,2.529
LHXR6,3.207
LQOSG,5.36
3R9W7,6.084
FCOLC,5.912
1FHYA,5.069
66WJS,2.919
O7U4L,4.096
WLEDT,2.232
NUOBN,6.136
C9NDL,4.753
1PKI9,4.389
XEKIR,2.245
D3DFX,3.394
GOJXT,7.329
6YPIN,5.588
PHUA2,4.81
UKJCO,5.12
MPDTG,3.997
TFUCZ,4.931
YJAQV,4.741
NMPWD,3.517
BRLSN,5.206
9PUHD,2.53
YFPX1,3.371
VS3T3,2.5
NXWAD,6.008
HSWXD,4.453
AFAUS,5.542
U1R96,4.525
YHVXV,7.904
52EQV,5.172
KJ4CL,5.65
MKRHQ,3.292
OTQDE,6.811
DQCDT,6.732
ZOFTO,3.086
9MASB,2.09
HURIZ,7.624
YF0VF,4.569
F4CHK,3.766
LQB82,3.829
UO09O,6.494
7BRSD,2.056
D7SFO,5.74
4YGSS,5.594
E8C2I,3.795
VQA6K,7.185
RTFKV,5.39
ERGAQ,5.937
LJWID,6.512
IQYB8,7.391
UKMVQ,4.27
XEXFT,2.605
VTDID,6.131
EBOHU,3.652
EWDOW,3.817
VNTID,3.224
UC48S,3.394
EWKOB,2.622
WEPHE,7.988
RMOIY,6.291
ZZ11P,6.737
6JGGI,7.201
DCSV8,3.778
RJQJZ,3.079
YSTEQ,2.583
NVS83,4.187
KIQMC,3.626
H82KV,5.839
1VAYZ,4.77
2ZZ6R,6.46
NVVVM,5.785
7APRS,2.952
4LWQW,6.478
BMOWK,4.011
4NUEM,3.152
3WPSW,3.371
0T6J7,4.456
65HFE,5.865
GZMLV,5.995
YHLLK,2.972
VXFJQ,4.364
JZJKR,5.625
CMTAC,2.051
P6CJF,7.442
VMDV0,2.615
NCBIC,7.076
GDNQO,7.955
7NL6T,7.634
ZSS4C,4.739
67YDB,7.475
ZX520,2.183
QZIUZ,4.193
KRBT2,4.677
M8K4E,3.228
BALQM,5.111
A30P4,5.624
XGM0R,7.19
3FXKQ,2.644
GUHSL,6.629
MS5PU,6.682
4SBSG,3.513
MLQJP,2.336
WNRL8,4.78
8VHCY,5.319
PYFIM,3.592
ZA3GX,2.758
HFOZF,3.155
KS5HB,4.937
SDSEU,5.372
MVUG6,2.095
P0BYQ,2.08
5M2IH,2.869
0TWMO,5.697
21GUY,4.737
ADPBE,5.553
TJJVB,3.612
6JZIU,4.592
LIEVV,4.235
WAIBM,5.929
RTA7O,6.798
LOUT8,2.258
LR8HG,6.245
4URMM,4.76
ND38N,2.731
CI1WL,3.956
SOEJQ,3.795
VNS4N,5.885
8HBME,2.853
CODYG,3.247
IZVQO,7.342
UJXPH,6.035
QEDCX,5.976
GZJ5M,4.168
7H4YM,2.863
OKPVI,2.091
E5FFO,4.499
LTOZ2,3.824
NK3ZS,3.304
K4W9T,3.27
BENNZ,6.885
9KFQB,3.504
FQJAX,4.651
A8GOZ,2.194
MHC7W,7.846
C9YHD,5.211
5E4KO,4.094
9NI7T,7.805
GPBVP,7.05
VS0EH,6.281
SCJAX,2.344
4GEGJ,4.283
ANAPQ,5.771
8FEM1,4.867
EOKIX,6.9
VYCEL,6.609
PEOJW,5.87
KQSB3,4.426
AMUVG,3.121
7SPC0,7.4
4LSKN,3.576
SLSX3,2.537
QE9OZ,2.432
NQQPP,2.552
DUEEE,2.37
XP1YY,5.835
FOPNY,7.76
4XDEL,2.698
BSQGD,7.901
BACVG,7.063
MWIRD,5.049
FJQAN,2.038
CYTWO,4.413
GIF14,5.863
FHUM2,6.977
DSSMV,2.951
CZZSZ,2.717
MTZZK,2.976
CDSN6,7.996
FAXMR,5.708
DHXTO,4.414
TO1WJ,5.008
ST7EH,3.786
SNQIJ,5.876
WIE1P,4.214
WN7Q0,7.677
I13X1,6.181
JTYGE,4.573
T99PG,6.804
0FGMA,3.98
X3MXK,5.75
ZQWZO,2.488
6ZSCE,2.728
T8QYY,5.956
PXVY7,4.53
OGZLP,5.037
YJBH8,3.728
IB1BB,3.213
ZE7HJ,6.218
STTVX,4.054
MUV8W,2.247
PPT8H,5.695
K76TO,3.892
YP113,3.769
DBTGT,7.286
TV9XC,3.204
UMJGK,6.296
MZ0MG,5.693
LCSFD,7.689
N5C29,7.58
ZHJMF,2.722
GTFBZ,5.584
UXBIU,3.467
09NXE,6.635
PUV8L,7.728
WKSGO,3.556
I31OV,5.65
2QQWD,2.59
RVK2W,4.727
PIOXG,4.892
6JP9B,4.922
BDIBA,7.435
ZWKQD,2.04
DRGKW,4.911
IGYZG,6.147
I3I1Y,2.285
TZFJR,3.038
K4RTR,6.615
ZDIGV,6.377
A16O8,7.259
RWEVM,5.228
L2HDY,5.105
ROVJ0,7.844
9INVO,3.243
JPWQR,7.205
SWEJ1,3.225
RO16D,4.829
2MX6T,5.075
IKANB,5.485
BMK3R,7.362
9FHA9,2.154
R6ZAW,3.025
ILCM5,2.562
ZBXFG,6.19
SHC1L,5.434
IV36J,4.878
8H2UI,4.669
FEWIM,7.287
RBUKA,3.679
9IVF8,4.971
3FUBR,2.252
JFXYQ,3.1
IEJNV,6.683
EQSQN,6.892
EAICB,4.341
ACPWB,5.775
XL613,2.827
N0RO8,6.067
CQMCF,2.772
8MZSS,2.19
UCQPX,7.573
5ARKC,2.223
M7TKC,2.546
9MEJY,7.603
ULDE4,7.227
LC3SG,7.919
GPORH,6.315
NWYA5,2.949
3PNXU,5.122
DATZN,7.928
OHEBH,7.84
CISWD,3.604
NQ7L4,3.949
NEP3S,7.32
RXPPJ,6.069
ZYJQ1,5.366
ZMKMP,5.972
TF3EM,2.14
OTKG8,2.51
YXBPI,4.18
WSLHG,7.382
6ITLT,7.568
E6KGI,2.766
INI56,6.596
0ZPT5,3.689
7ZIQS,4.665
ZEU2T,5.786
AZKAX,5.221
XWLID,3.234
C2YNK,6.58
UQZNG,7.986
A7KLS,7.379
GPZSY,3.1
0PHTQ,4.964
H7ONL,7.058
KV1XN,7.735
NUA9W,5.099
P3HTI,4.422
XV7PA,2.204
OHEA2,2.669
EBFBU,2.743
IUEFD,2.768
KTKVI,7.202
IMNUJ,2.511
3ASLL,6.73
LQCXZ,6.759
OG359,5.876
JP3VB,7.17
W5XLZ,3.302
EMMVV,6.818
8T9OZ,4.397
FRV8X,3.761
ERLFB,7.839
ULH02,6.87
GI7PZ,3.692
CIKR2,5.428
DUX4B,6.604
QABRE,2.764
9Y2O8,7.474
XEGNT,6.528
U0YMO,5.169
2YMFX,2.123
QLHBE,6.923
NFJJA,5.583
QBXOM,3.3
MY6OJ,5.212
TL1DX,5.151
8M6QQ,5.628
SOOMM,3.267
E0Q89,2.946
DGSXS,6.54
U7NXE,4.219
0ONHG,2.706
GJRT3,5.727
SUFBT,4.224
9QUSP,6.276
IUQ2P,2.0
BAWHA,6.53
CVL9A,6.728
ZODRU,6.189
BGVNF,5.894
CVRIU,7.583
DSZU2,2.095
OSHHC,6.891
CMJXC,6.143
CETZO,4.006
1K3QF,2.642
4UXYC,4.401
BR0EZ,6.793
CLUDQ,3.687
4CVPS,3.463
K6JQ9,2.095
NY3D3,5.484
ATZXI,2.671
84LA4,4.862
KFBQW,3.367
HPQF7,6.518
A5G1Y,5.88
IDJNA,7.704
WF4JE,3.727
VDU8S,3.1
NEGH0,6.573
XHUU1,4.209
WFJY0,5.927
HMM7D,7.333
DITUQ,5.849
W10R1,3.641
ZFAZH,2.993
X6SHQ,7.69
SS24V,6.317
P5KBC,7.484
QRWTE,6.407
8AGJZ,5.158
S2AFN,3.16
8ISVN,4.76
DHPXP,6.928
19DXV,5.646
OOQLA,7.53
H4SRY,7.913
C1BWV,4.96
G1HJR,5.427
WRVCX,7.363
FKMJX,2.353
RR4A3,7.471
UFXKT,6.514
Y2TQQ,4.667
Y0FSG,6.374
09P9C,4.57
O3CS0,2.965
VUEUI,4.308
Z9X0C,6.999
4GNCP,4.955
LUS1B,7.198
ZPTZD,4.397
LTPYX,7.002
19TCH,3.363
SRAEV,4.756
9D7VB,2.245
VAYJR,4.343
ENAMF,6.008
L7NIN,3.566
CN8TT,4.774
YGERV,2.453
LGWYV,5.298
LZ50K,5.296
ABQ6Y,7.759
BHEXT,5.337
VWGDP,4.609
G8SFJ,7.422
HQZYK,3.842
T29KD,2.181
OYUAX,7.452
LEDAG,3.957
EKHIF,7.216
JUZXU,7.24
ZJQAD,4.968
TXSRK,2.538
17CQU,2.067
IK7M1,6.837
RF39H,3.106
KV7OL,3.188
KMURH,5.113
HCLSO,7.003
0GR8E,6.003
0KRQB,4.35
8I12K,4.678
QFMI3,2.021
1T4NZ,6.299
2F7TA,7.37
YFOAA,6.497
7M1V6,3.227
CZSFB,6.136
B7N8R,6.734
RBVAY,7.922
T7SDJ,7.726
D9EOI,2.56
7QRCA,3.213
BQNYZ,6.889
8VAPP,5.879
96OEI,6.659
DXTWN,3.803
CTFRD,7.898
H52W4,6.839
RS8SG,6.173
RFOY2,3.19
Q7QBP,7.634
OPPF6,5.885
TATMD,2.967
TP6PK,3.103
8ED9B,7.092
PKQO2,5.166
5HTRC,5.372
LWHOA,3.489
L4VUC,4.434
TGKTV,3.279
DCH5F,3.339
ECCLE,2.339
SHXYT,3.92
FB3FI,5.304
5VRDR,2.315
WARG4,7.926
TRSPA,5.724
CZBVZ,7.04
URDBM,4.388
GMKTN,5.259
F1MG1,7.379
UUBVF,7.711
Y9AYG,5.018
ANLKE,2.377
DLKS9,6.715
BSFTL,2.828
WPLXX,3.519
K47XV,7.755
PVJMK,3.873
MRQIJ,4.982
AM0GH,3.934
Z20IN,7.62
UWCRB,6.627
STHT8,3.231
L8BOV,4.734
KYIBE,2.112
VKRIN,3.719
SS1QF,6.528
A0NVP,5.248
VQBEA,7.815
WXPP7,5.816
Z4IDS,7.855
NRANF,5.732
3YYGX,4.616
GBGWS,7.587
JZ66I,5.411
HXYNO,6.275
GB8FH,3.515
7LFCX,7.967
EDI1D,5.461
TMHLJ,7.611
LQBEG,2.356
0QM6V,4.382
50GFI,4.494
LC7U7,5.44
ITCXE,2.484
XWMZR,6.181
1UOSW,4.629
WJM2W,4.645
L6XGE,4.064
B0WSW,5.352
DLDBV,4.351
JEILQ,3.158
OTUJG,6.594
DQ06M,2.047
PMW7Z,4.412
77QGL,2.206
24K6L,4.427
KHEEW,2.211
OXBKG,4.885
SSNH4,4.667
PM77L,3.223
MGGZT,2.406
76LQL,6.85
W3UOR,2.116
RM15T,7.164
ZHWIB,6.312
DZWHG,2.281
KGLVJ,6.218
TNKMW,2.015
ZRJNA,6.887
RNT4M,2.33
ACMVR,6.63
24MMM,7.084
S3BQG,4.674
RW8AQ,4.071
NCLC9,2.297
CQS3E,3.396
EYOIE,7.17
WPSWB,5.046
CO0JY,6.212
RLNZA,5.92
JR4XA,4.451
AOGBG,2.625
D9ZTS,6.846
PX7WH,4.432
ZESHU,3.973
56OBM,4.624
8JL4D,7.804
8DXZ3,2.275
9RNOG,7.354
N8RZD,4.215
GQQM1,3.359
DFPCE,2.634
92ZDA,2.705
2DLDY,4.743
9RVIJ,6.809
HDO6P,5.017
4B3CS,4.498
NFESL,6.77
NPBS8,4.712
4IGX9,6.874
2AM1S,6.192
AVCK5,5.902
FP6GU,7.942
OZMK6,4.133
7KBQG,6.818
OCLYM,7.809
DRNLV,4.065
1IB4B,6.482
PRUPE,5.116
R1W63,7.073
QCLL7,6.596
KNJS4,2.665
CVGS3,3.15
RNISI,7.258
YQITS,3.191
0HCHJ,6.92
3RIBT,2.242
ADKLO,4.431
8KPSJ,3.502
XD351,5.821
KXKNW,5.223
DAGYN,6.837
1ISCU,7.372
XNCAK,2.232
KDYA7,3.021
UPZJB,5.218
JTCBG,2.469
VEZ05,5.838
PL694,3.731
9Z7TI,3.238
1JEYH,4.977
JAGZW,7.999
IPYXX,4.287
IKXTG,7.514
G5NMR,3.599
40JA7,2.315
JGWBA,7.961
JXKN9,7.54
2TPXM,4.471
SSWMX,4.509
FRSCT,6.82
5AMED,6.816
CVJGY,5.849
G4H62,2.574
FNIU9,5.376
WHAYR,4.179
KWCR9,2.925
4WL20,7.892
00QAV,4.927
CI5J6,7.939
QASXY,5.463
PUJAN,3.568
IQXZK,4.911
BK17U,2.21
CGCNC,5.035
YTIGD,7.24
FRJ2W,6.486
G9FLZ,6.129
PV0NR,5.734
JCIW6,2.66
8U2WP,4.643
NTYTP,3.506
25LOP,4.648
7CC6S,4.542
OPZQ6,6.048
SN21F,2.988
GTMNQ,5.679
JHRS7,3.961
WWNG5,4.542
5YEBO,3.404
9RUGW,2.932
KVTBV,5.738
WYLFI,7.189
NCRSZ,5.375
Q9RVP,4.698
EDTAX,4.037
4GKRF,4.612
8OVHY,7.71
CNFHK,4.879
FPO7N,2.448
EXRDR,7.078
MZD88,2.485
CO0PU,2.775
N7E9T,5.312
05NU0,2.277
EKPAL,4.937
7IR60,4.184
THXCF,2.474
OJNEY,7.117
4KAZS,7.32
LYBQQ,7.795
66IR3,6.283
4LPDY,2.35
0HDRV,5.495
B3DMW,5.941
ES073,5.586
ZUWGP,6.057
MZGZF,4.306
OPL1P,2.413
VYV2X,2.883
EFRZD,6.333
SRCL7,4.365
INV5E,7.181
2AVD9,6.815
BKGHF,4.34
XNFSI,7.595
QHBWG,4.884
MYYUQ,3.662
6DJ5W,7.324
ZPBE3,7.394
X7CSH,3.916
0R2BT,7.431
QKJRP,6.011
G6MJJ,3.458
BFJGU,6.072
ZVSNS,2.56
SXYCV,3.658
RKEGG,3.925
L0CXY,5.741
PGADH,2.19
OFTSE,4.105
CZLCW,7.148
UK2XT,4.592
WOCBF,7.085
CZLTV,2.221
KBUZ4,7.27
DARQF,2.639
DUTMT,5.444
4VQSR,4.179
VLWCG,5.892
8JBX8,7.314
MRCXF,4.881
T4GJZ,6.796
72R61,4.173
HPNKX,3.341
EOQYU,7.207
RHFES,7.627
ZBCQX,4.529
HWCJQ,7.289
YML9F,2.967
XIBXG,4.349
UAS4T,5.178
ITRJX,2.928
TIZLV,2.954
M97YF,3.206
PJNFV,4.823
K5KE4,6.192
U3J3T,6.43
38OXH,4.454
O8IV5,5.606
P4VYC,5.982
ZFC9O,5.396
7QR1H,3.864
UXHFW,5.477
ZPF0O,4.199
K0NOA,4.984
YHJET,6.88
S2XRK,7.902
XJTW9,5.798
CHQWQ,7.504
XFS2N,2.858
KUXTO,2.281
CEZRS,7.838
YPOPR,7.016
KO3MN,2.588
JN364,4.081
KBNHU,3.728
7GP8L,5.56
YMBCW,2.184
EUAPM,7.994
4HKPO,2.6
BCAC8,3.397
T2WTJ,2.619
VTJAK,6.365
RBOQG,7.821
WGO4P,3.95
BBSGV,2.301
J70MG,4.731
L9VCF,3.837
4MXKL,6.031
MIZ6N,6.194
POIUI,6.035
MI7BM,7.837
B0OFR,7.167
XN5TU,2.969
K6P5M,3.36
P6OYD,5.222
0JVRB,3.626
BSPUM,6.319
XVPJ4,4.662
YP8IS,3.305
GRGUR,4.48
FO4QO,7.544
XSYND,6.795
AX90K,7.744
ELXGV,5.01
IIOAU,2.091
OB8NK,3.825
WSKQT,7.745
SXT07,3.895
2TDXY,3.377
R7JXW,4.122
HLKRL,2.249
LFFOT,4.725
EFPAF,7.649
6MQKN,3.574
XEU23,3.166
LXTIL,2.631
3QKSG,4.985
OEGW9,5.184
EGW9G,3.463
3DA0R,3.138
IK6YK,6.975
B5THX,7.916
WDN19,3.447
ZFIOA,2.143
0MZJ3,3.313
9CY0B,2.736
FBDAK,2.909
QGVN6,5.745
TXOFB,7.693
TFRQI,2.168
LKZIZ,6.816
KVE79,5.361
GGRSN,4.329
KLVTE,3.119
EYACW,2.85
7WK7N,6.897
ZA6MX,4.388
TMEAT,7.986
HQNHC,6.794
DEXZJ,4.212
NPR97,7.889
TPV6H,5.193
5Z09A,5.295
1E5RG,3.579
8VUJ1,7.656
XCYSO,5.305
JFAXI,5.825
PFHWF,3.012
SP4VS,7.175
SIDDM,4.164
E7MWZ,6.347
29P7N,6.313
ME3J5,3.397
TCO9T,4.849
EI2KE,5.967
ZDVKH,4.105
YD2SE,3.828
TLPOS,5.317
BRCMM,5.409
XGBP9,2.084
8KVTJ,3.503
2TK1F,4.57
V18Z3,5.841
FJ5XS,3.331
ZLG0L,5.319
KKQGQ,4.892
Z3JRE,4.481
C3BRL,5.984
U2EVM,7.596
CPYSX,3.319
CF9XS,5.307
7BLO9,4.628
QHULZ,6.088
DGSN4,4.086
JPMP4,2.556
HNKGO,7.035
COWQ2,4.632
7J36H,2.962
7UO77,2.379
NEGEJ,7.497
8GPLJ,3.088
U5WRS,2.334
ZPS9G,6.821
BJ4LM,6.181
IPVUW,2.665
PRQCG,4.88
UYZXS,4.47
NYMOU,6.559
JTFC3,3.931
RBMXC,3.971
V1DA9,4.391
ZNATO,4.488
NASSI,5.979
TVTAQ,4.084
3AWDQ,2.744
ORNUW,5.595
GNDCY,7.135
SBAJR,7.726
3JIHE,3.596
AFVGW,7.048
H183L,5.609
K5MBY,6.896
GYIND,7.68
OGERG,7.974
F9T5K,2.736
5R9UH,5.336
R8MXA,5.91
ST9AV,5.929
MKWPF,4.542
H4BXX,6.899
1PUAU,7.207
B6OBS,5.952
MW7NY,6.193
BY0RQ,6.888
ABGQA,5.397
ADQHR,7.312
AGXMJ,5.661
WN9FP,6.695
XEXQR,6.082
IU9UE,5.034
OSTIH,2.317
QW8HL,7.126
OFSLU,6.285
OJDQP,2.587
QXYHB,7.081
JEGC7,2.274
A9XUE,2.857
QHDSS,5.609
0EBKD,5.467
42VUT,2.307
KGSXR,4.371
P0TYF,3.9
J09MW,2.192
MB9OX,5.378
MJIDN,2.185
PJWDC,4.962
GYQ1F,4.386
PIR6E,3.791
GMGDX,7.684
WMLEF,3.473
CL09L,5.026
LPVNL,7.896
BR7XR,2.344
SOLC3,7.02
NGFRN,2.767
M5SGP,6.235
LFEGP,5.463
C5147,7.245
D0TJY,2.317
GKRV5,6.561
COHU9,2.376
TPXIG,7.02
QYY0J,5.756
HIA8A,6.142
OWCPM,2.744
APGZ1,2.12
MTZP6,4.755
U3KFA,6.588
CJOIB,4.664
MA3GY,4.745
TKFJ1,3.417
FJCVB,7.39
F3B4J,5.303
BGKXZ,7.961
ISRAI,4.413
IFOWH,6.841
FXCWH,6.054
Y2UQG,2.055
3PBZA,7.138
G0XNS,2.044
KXJ6I,5.491
233VW,2.69
PTFFP,6.643
B3DW2,7.135
QA3DQ,3.075
ALZB3,6.062
912IS,6.236
QLJ7Z,4.351
P47VF,6.074
RFFUF,4.257
ARIP4,7.632
JWZWF,7.282
D8DRT,2.262
FKHCS,4.745
EWTZH,4.11
PVVTQ,5.092
WB0KN,4.709
KN6DK,2.494
SKPVH,5.967
V4Z67,7.166
26DJT,4.126
YZFQT,3.04
FECNR,2.611
E9QPR,5.818
MFS16,7.294
99BIF,7.816
FT2YO,4.793
MGDUS,6.465
TTQHB,3.264
G8WGQ,4.004
J0NGN,5.988
EUNPF,6.122
LOWND,3.416
VDPVH,5.144
9HTPG,5.574
3WTZ4,3.081
YOSRT,5.213
CFCO3,6.486
3JICW,6.784
BJZY3,6.876
PLVRK,5.274
7MZI2,7.873
8IEUY,5.501
3QGEC,4.936
YRFBV,6.115
TC65J,2.482
JICYQ,7.053
ATDRW,7.732
G5FOV,6.235
HUYOJ,2.597
FK1MG,4.523
FRHLP,4.66
PJDUG,3.613
HV88Z,3.082
JIESI,5.345
KRARF,3.26
V81WP,2.41
QG8XQ,5.905
5PGWF,7.047
ZCJEP,7.845
LVIVI,2.812
KOBQA,4.391
HXMWL,5.504
SYE2Y,2.774
FBL3O,3.656
BBC1X,2.544
I5STB,3.145
1J6NJ,4.457
9D695,4.934
7P9H6,2.837
ECWOO,3.964
LIDAW,7.713
PXXE4,7.196
JMTFV,7.07
L7RZQ,5.24
MCTDD,4.452
HBRO1,6.35
A5UYG,2.014
LWNDT,4.35
UFYDN,2.262
MQ1SY,2.276
IACPN,3.32
VZYK0,5.396
HT7GT,3.21
Q6PWF,2.488
ZW26G,2.643
FABMD,4.114
RFAK0,7.441
9QPMT,3.688
YCIDN,3.114
2PUWW,7.358
SLXGO,5.082
V9JM2,6.897
DVLUX,5.259
IGV5F,2.197
LBS8P,5.769
J9JCC,7.694
KZSXI,2.181
D2UIP,4.265
TLHI4,4.7
YAUCA,6.819
ZLZFG,2.725
Y5E2Y,2.059
LDIHI,6.67
R5GRS,5.144
PSMXH,6.653
6EIGT,7.789
GBZLX,2.085
OP3BX,3.102
UJXJY,7.266
SAHD5,4.491
7Z1YH,7.228
YCJJS,7.099
DSIH5,7.586
9VBX4,6.8
JXODE,7.196
GH4KO,6.783
OWCON,2.122
0YUFO,2.739
EPMXG,7.432
KOIXB,5.988
6KMPA,4.958
P2VYH,7.768
ACUV0,4.68
ZGGOD,6.806
2N8OG,4.76
ANPS1,2.793
IXZYW,3.262
NBWYA,2.048
ETLVE,2.476
07BF6,7.029
1DJBT,3.844
DJ2O9,6.506
M6SIW,2.506
I91VJ,5.027
ENPQU,6.264
OYIEQ,2.073
GKTWZ,3.437
SK9RH,5.409
5RRYT,2.957
0KGFH,5.029
F9EJ9,6.906
6WQG2,7.062
3IGAM,4.709
Z3OSM,7.246
XOLC9,4.624
GKXEJ,4.288
5YDAC,4.912
OJVRZ,6.173
JWORL,6.68
T9WVD,2.904
NGEN4,7.264
HSIR8,7.624
L12YQ,5.626
YT6MD,2.51
3RQE3,2.572
QERWV,6.472
WI3OW,3.517
IEDMK,7.18
D0KKY,7.362
4EMJI,3.802
NW8YU,2.126
2FZZZ,3.184
GAEJI,7.768
VZV8I,6.994
JDRBD,5.435
NAX0E,7.231
W2MG8,2.402
VGGVX,6.859
8TJRR,2.486
NFVXI,3.069
JZE20,3.811
0DLOT,6.239
9F2LV,6.187
0VWEH,3.657
LVKFP,7.852
YVLT2,5.969
TJWHX,3.598
VDT71,7.579
LAF9R,2.078
BBUNM,4.039
D7DQA,2.442
CKRBQ,5.378
YD9T5,5.275
SY1EV,3.298
TTCCG,7.005
52HSD,3.128
GO5SP,7.432
NVDDK,4.859
KJR8Q,6.778
NM9LC,6.402
MI4YD,4.162
IPJI2,7.049
JXYMO,4.739
MOWWK,6.886
W0VQK,2.64
WCICS,4.202
DHJVI,3.748
FNDKC,7.631
URKHC,7.639
FOGQG,2.928
WYS2J,3.711
HP2U7,7.853
KCKUH,5.04
VY5OE,2.34
WKLLP,2.159
GPEYJ,7.326
SK5NC,3.396
AXTJD,6.433
5YYX8,2.759
LQNMU,6.074
HEVU8,4.696
6QZ4V,6.91
ULZMZ,3.326
WJAG2,2.252
VTJDT,6.086
W21Z6,3.253
ARQFZ,6.9
O4JEY,7.599
R9CIU,4.109
G0FIL,3.721
SSMIH,6.496
MBVBZ,2.891
J1MHV,3.943
PGUJY,3.133
GVUA8,5.566
QMM0O,2.695
ZP4N4,3.998
GUNMW,5.35
XUHES,2.418
FX7UV,7.058
K6YSG,6.072
NCKZG,2.368
9R1YX,6.763
ONQUO,2.218
BULOY,7.824
LNARF,4.356
1D6KH,5.641
3D9GZ,5.768
YLEOZ,3.895
TSA7G,7.441
U5USV,2.554
6RUEK,5.837
8XRYA,4.278
IE5Y7,2.112
RTXWR,4.389
SOQSV,2.301
QBUCA,7.313
5PBN6,5.984
GJSEV,6.214
UR2LM,2.514
WJJUN,2.843
ORJH9,6.948
9MSDF,4.557
F7NO1,3.466
WPGB0,6.097
9KWFE,4.79
4DXFS,7.435
WOUZY,5.835
PBWFK,6.792
EMDQR,7.135
5QRHD,3.35
QGLNO,5.825
OUNOP,5.776
R47XX,2.338
GI011,6.141
3QBO8,7.837
JKHNH,2.952
RWEY7,7.2
FBTOA,7.711
2CHO8,2.468
KFKO3,4.403
2IPPH,5.551
NCM0M,5.333
KRSJQ,7.309
V88OT,7.173
KNMHR,7.528
EYBBE,3.855
SSDKG,3.446
ULOC8,6.637
5T8EL,7.722
IPY1V,7.002
UQMX4,7.269
2J1RR,2.237
NZB0Q,6.123
D7QRS,5.621
KCWBL,6.467
VNBYZ,3.547
IRBZQ,5.049
UBERG,4.246
QEN92,3.791
CO3R2,4.918
SFD37,6.914
NOQSX,3.789
IO52J,7.639
H7LAU,6.406
DULVL,7.168
16NRO,5.69
VLZQN,4.43
FIWDL,5.515
PAIHB,5.505
ZEZE5,5.141
WBC5G,7.997
WPKBR,3.011
CMNEB,3.918
2O0XN,2.776
UN2SL,3.973
MF16E,4.914
OIYSG,7.024
Z06VT,7.278
JE5SD,2.549
QFURI,7.024
QZXCZ,2.358
T9BDI,2.806
6K4NL,2.155
PBG6V,2.438
KLDMJ,2.884
AGYAS,5.644
KCJJL,6.092
CRWPA,6.446
C8EFN,5.846
DDLJN,7.449
FDJAT,2.124
0SVZP,4.609
XXGDL,2.612
V9KOG,7.647
OBRBD,5.783
5X7CX,7.179
DJLCI,4.574
CAREZ,7.662
NRKUJ,2.721
M68NW,2.093
D0ZBX,4.286
THNUV,4.333
ZBFGY,6.79
JIO0P,5.05
CCPKE,4.854
EMBQW,2.734
8USQZ,2.828
XUPVN,7.408
PSREI,4.251
J7AVY,3.218
ATEAD,7.435
ZREC3,4.746
WATBB,6.035
BMJ6V,7.797
SLMJH,7.822
AAY03,4.528
ZRJKZ,4.669
H8BZ4,7.195
OMOPD,6.299
MO3VW,6.129
3EBP1,6.275
RUEWW,6.817
9MOB0,6.873
BSDRX,7.078
CK8NH,2.378
XUXKV,2.712
AMMMN,6.733
SGSNK,5.537
YN6NY,4.824
ROEAK,5.465
U0N7W,5.567
EAA9R,2.273
WQZLI,4.336
PPS1V,6.611
E19AR,6.283
DSHAG,7.814
RSNAX,2.238
7PHXR,7.501
38SZE,6.999
GRHXK,6.551
ZWAXY,4.989
WAKDB,4.274
CSQN4,7.821
VX8M4,6.573
0PGHT,4.193
A4NSH,2.7
1HNMS,3.381
BLOV9,6.795
IRLWL,5.917
CDHKH,4.874
ICQDL,7.187
BRHZV,3.563
OCZOS,5.89
INLQF,5.707
B8XTW,7.181
WT306,2.002
8ESTV,7.146
DAGX8,6.341
NA905,7.492
ZKCFF,5.88
ZCELP,6.064
WNK3Y,2.594
HIPN4,2.961
LJOUC,3.726
NOFQV,4.033
XIG9H,6.986
DHATQ,2.882
RHTJK,6.796
XHARP,7.792
TT58U,3.819
4SRU8,4.786
MDCBD,6.625
UKFQ2,5.879
ZQQCH,7.463
C5ZHM,2.15
QEFH2,7.038
PTNOO,4.147
SGLUV,3.96
B93NL,2.563
TTNSY,2.108
FT6IJ,4.661
FLUZE,6.293
H7AEX,3.446
FTI61,3.692
6OY9F,4.089
EJMJN,7.191
WPNU5,7.875
JHHO1,4.245
UNPSF,4.563
ZLAI3,3.263
KNN8T,5.026
GEOHE,3.537
VKYMW,7.734
S26JR,7.341
FENO8,2.215
CIADY,3.142
4QVVA,4.81
XPMAY,4.537
W8NLD,3.86
IAGW8,4.878
LQMYX,5.968
9MGOU,3.522
OKSHR,3.33
YEJFE,2.918
QFSTY,5.29
4T7OW,6.103
IFFVA,4.84
6S0BP,3.913
Q0IFY,6.366
UUNTE,2.003
VDBAU,4.115
9DZGH,2.057
FRYLE,4.829
FSKDP,5.517
LBNRE,3.384
C7ZLO,3.948
WITYC,5.946
EBGSO,6.458
DLEFX,6.738
VQKVJ,4.28
CCWBV,7.667
B6BGV,6.345
NTQVC,4.208
CFV8M,2.332
TEJGH,5.55
1CDSS,4.259
OIXKN,7.368
RAMJM,5.409
S5KEQ,5.783
0NJR8,2.711
S3NPE,3.033
YTKI6,5.109
DGOFQ,2.892
LTSCR,7.738
5IOFO,3.962
NO8IB,4.155
E87VF,4.821
QGNTP,6.308
ZT3VE,4.648
RI9AQ,2.665
JRPHO,4.263
WCNPC,4.112
X1NR4,5.15
PAHUZ,6.297
CDQCV,5.458
SV2U2,2.77
CWSIP,4.038
GKIEW,5.202
L0MTP,7.821
PO0FH,7.621
MLZVD,7.665
G19IT,4.43
P6GMF,4.625
QKYTZ,6.658
YHOXA,3.053
B0L2Q,2.716
XB2BQ,6.551
L10TN,7.534
XXUXD,2.027
FPGPA,2.052
T9SJF,7.409
7ILUE,7.83
MUDZF,2.602
3JSVW,6.799
UJOG7,6.836
KJQBJ,3.516
7UYZP,5.67
EDPMB,5.758
P6DNL,7.139
VQMBA,7.543
3JWCL,7.821
2J6JJ,6.265
ZIVKT,2.649
DDC3K,7.611
WTCRS,7.181
7MZKF,6.755
MF7WS,7.495
A1JO5,3.991
A2RNB,6.016
OIHMV,3.168
2MEHH,6.51
FC6OC,6.579
QHYY5,7.957
DBQLH,3.859
5ELI9,5.721
ESHIS,5.255
BAXBD,2.529
CL6LO,2.616
NIVPJ,2.853
LQNBC,6.993
IX6TE,3.987
RHPVO,7.915
8ZBTE,6.49
UXDOQ,4.698
C3ETH,4.113
GQYJA,6.774
U1UU0,4.978
UQYZW,3.244
HJUXQ,2.819
G7QWQ,2.595
PSVF3,6.271
0PN6H,5.187
RAIXK,6.235
9BCCH,2.787
IAIVL,7.19
UEDM3,2.996
U1NSM,3.403
BISIS,3.371
FMWVQ,5.628
O5BEL,4.242
X8PI4,3.832
HOHCZ,3.942
FGD2I,7.456
NYAX2,7.071
OO7YX,3.837
US08Y,3.572
FKRSO,6.674
OJYGT,7.017
MPYKG,7.352
KP31X,7.336
PBKMU,4.549
OH8PI,7.373
WHJZJ,6.124
DKJ9W,6.085
G077B,7.652
2RTGS,6.658
1IXWT,3.23
SRB1B,6.133
RIY9Y,6.815
0DTSB,3.88
RGKSM,4.188
MVUTP,4.027
H2NHA,5.317
ATZUV,5.738
MWRA2,6.579
UDGYQ,5.217
U8QRC,7.572
1S8EI,4.994
C47TE,6.905
CO0PC,4.241
OLT2H,2.424
ZHYLJ,7.439
KPYHO,2.864
BFW33,6.381
N5YGG,7.369
Q1WGP,6.521
W10PR,6.072
BTD46,3.514
RQAMH,4.537
LLIPE,2.898
ZBIJA,2.822
WMZKB,4.508
DPPFS,7.191
LWGN0,3.328
G27PO,7.824
COO61,2.029
B6YBI,2.647
H67PS,4.567
N0NMS,3.944
YGSEZ,3.91
UDZND,5.915
PQIMX,7.305
53GKB,4.426
8ZV2U,4.779
LPAMV,6.972
DWIQX,2.12
M1ZA1,7.611
Y6YAT,5.801
YU6EG,4.973
R5ZIE,7.959
WTTXY,7.23
NLCZI,5.498
GYKNE,7.67
DWGIQ,6.689
MSYHD,7.893
MPMTV,4.649
VWTTC,7.802
EYUXH,4.238
ENXKJ,3.929
UGPG3,3.234
YYT9P,7.406
S6TGH,4.067
E4L6H,4.689
AZGIM,7.425
XE00X,4.98
XMVDQ,2.261
8XG0Q,7.719
DHWRY,7.262
LOQB1,6.961
2DSDT,4.205
VLOEM,3.463
ZIB30,6.52
YQOAH,4.683
EDZIZ,3.51
MZPYX,5.785
L6UNG,2.609
NX4XL,2.529
Y9T4I,6.29
XUUZS,4.749
EWCRP,4.348
ESWSD,3.617
LVPS7,7.654
ZHEUM,2.88
JCJ5L,4.338
J1GII,4.939
3G80I,6.975
IKIO8,4.555
CNQI1,4.379
YOSQT,6.641
CAQHA,7.101
LBVIK,4.688
4YJ8G,6.549
3VEB1,6.092
3LCOO,2.451
VIFBH,4.841
IUYEH,5.474
NZPEO,5.962
EDIZG,3.642
VLVFX,3.362
HKJRQ,3.797
WI2AQ,3.693
G01MP,6.184
JSHAR,7.115
4GPWF,6.154
O9UDT,4.324
YHQ4A,7.379
TBBXA,2.992
P6YG6,6.669
USOHD,3.392
T6MMA,7.229
KNZRY,2.773
LKCRE,2.059
79HHE,5.82
YJGWU,4.972
JPAH3,6.212
QSREQ,2.182
BHJEY,2.897
M7W8C,7.925
IYFCT,6.95
JLM4S,5.539
47ZG7,2.808
HGT2M,7.333
BIOAS,3.254
VEXLO,7.879
ETO2H,3.164
79TMD,4.813
BZKSP,6.322
9UEFQ,2.883
BVL5E,7.34
RE91U,6.766
GRAEK,7.791
WTVCV,3.993
Y9RDB,4.663
AKJNL,3.818
6WYMR,2.998
KLAQN,7.48
MQKF8,7.643
I5DPZ,4.244
3IS2K,2.938
XUGPX,2.03
7AT9S,4.87
CXDMJ,3.651
4LXI8,7.29
LYGEE,3.025
OQLUH,4.99
XPWEE,2.66
OOCMF,2.214
QNCNV,6.968
FAF64,3.43
HP2TI,3.947
DXOGY,4.866
6TBKA,4.773
Z8MNN,2.381
DWSLX,5.964
JCANA,5.977
1BFK3,2.286
U5PRH,7.194
NUYAO,6.502
WFMV4,2.651
W3TYU,2.717
3QQK0,4.551
H9AMI,4.303
PDIHT,6.741
UQ2LP,5.182
VGM8N,6.216
FJWLF,3.113
MTYYR,7.286
DKHKV,5.323
EKYNB,7.386
OSIID,5.394
MFFPF,5.174
CNOWF,2.219
TNHFX,5.797
TM9FJ,3.066
TZQKM,7.63
0KLRM,4.995
PTLYK,3.045
WZ1GG,7.724
URKPL,4.491
ONM3S,4.137
RTDJR,4.094
L9278,5.993
8VFK2,2.441
U9ANJ,4.634
0ZRQS,6.755
M9PLO,2.193
SSSDW,6.773
TXHTQ,6.158
OHHLP,3.506
OUPQX,5.495
P0MZZ,6.729
U4LIU,4.315
QEI35,3.522
S9FUV,2.742
7XG1D,7.796
XGIOS,7.777
VYBLK,3.678
DO3FA,4.594
7KVRR,3.279
NV2RG,7.97
MOVSH,6.12
CX6KR,6.607
NDMMB,3.515
LIOO2,3.6
BJL17,3.502
DF5CG,7.929
UVCIT,2.889
VBJG7,7.966
CN623,6.809
JBI7Z,7.609
DJI0R,7.478
L81PW,4.097
RLZAU,4.301
KSLNS,3.955
USPXG,6.181
WUUNT,4.426
TTKRN,5.694
13EVW,7.917
LA3FR,2.922
L9OKI,6.249
TAZ1G,4.322
HG61O,5.964
KFSGA,6.392
MRPYN,4.83
WYT3Q,5.408
ASCHS,7.119
MRGD3,5.004
8FJNV,4.652
MAZHK,3.45
FRVJN,4.598
JMWM1,2.032
DYT8Z,5.351
IUV0E,6.265
16M7K,3.698
DNH8F,5.785
AESAX,4.694
ECBRR,3.979
M363Z,5.469
TLORP,5.122
JC3BP,4.623
KKYCR,3.854
6VM8Y,2.006
IRPYY,3.657
FWSZO,4.233
PRG4T,7.264
QCTXC,7.005
R6UZR,4.246
MUMFB,2.603
HZO1S,6.355
U1ATH,7.289
2UNWG,4.936
6XT7Y,6.522
UBKVV,2.219
YCBVJ,6.707
6RBEP,7.611
V7ZDG,5.942
8RZS4,6.714
8HTWR,5.545
75RQR,3.586
FG2SY,7.172
T4LOJ,6.043
RPQ3P,4.346
QLQTV,6.827
YYURS,5.077
UOSKK,3.967
03XLY,6.915
ZRKGH,2.326
SVTMT,2.374
EZW1G,2.562
5DEQ4,5.977
SRJ7R,3.981
X4WQB,7.486
8CN6I,2.009
5KEEM,7.826
PYDWU,6.897
YMF1B,5.196
2BXLH,3.104
TQPYI,2.751
NQZD3,5.157
WCIYV,6.398
NAXYZ,4.927
YLA2K,6.417
SFRRB,3.295
OIEKU,7.969
LNG4R,3.616
CDJBY,7.022
SLJ9Q,4.402
BOSHP,6.643
SV0TE,7.07
CL82L,7.909
QHNKU,6.498
DTFYQ,2.067
17ECQ,3.638
BN84R,2.692
9VBJC,3.69
6DTBA,4.382
KGOWV,3.011
TGGPA,2.668
S4ZNI,5.683
HJOMA,3.72
OA2CA,4.244
DOHVJ,4.735
1VNB5,4.597
SCJZG,2.599
HEESX,4.414
KC6OP,2.723
FP8M3,6.801
L3PVI,3.616
ZBSBQ,3.067
KMXMZ,7.872
XCFHZ,2.685
2A8MF,7.226
7TNK5,4.267
ALKHI,4.303
MEI6X,5.307
2SZO8,3.695
CLABF,5.774
DNQYB,5.292
ZXTAU,7.348
1G5UF,6.398
FGONO,6.031
GJSG2,5.228
GJQAJ,4.615
1G0XC,3.111
CU00I,6.691
WY0OY,6.035
GBS5V,2.278
FFZF5,4.077
MWF5N,5.111
Q7RGV,3.079
SWHWA,3.23
RS8JU,5.557
9AT8R,3.892
DRTJY,6.291
EX1Q1,5.554
J9WCW,4.276
OBEQ7,6.931
L70SS,5.823
UPNUY,7.614
TSW97,4.91
TZH5U,3.411
IWRKQ,5.668
XW1HE,4.107
GQCBB,7.269
JQNKM,3.657
OMJVE,6.63
DHDBK,2.578
5LNBB,3.868
X3DSC,5.245
49AK0,3.732
YEBFS,2.777
GHPAR,6.044
BSGDZ,3.861
2UNDP,6.458
LG0PP,3.775
IWXR1,2.673
YKECO,4.589
QFFBE,4.538
T8FLU,3.182
DGKEO,7.149
GVINP,6.275
SQJBG,2.882
DCT3G,6.747
XWUKI,6.533
OOYNJ,4.261
ZXB81,7.988
3QF4K,5.497
O5ZI0,5.249
ZPGK3,7.14
IAFAV,7.114
UQBRU,6.856
KN1F6,4.598
P834E,7.269
BNOIQ,6.945
WSECX,2.643
U17BE,3.098
SNOQM,2.638
DKB8D,3.301
OQNJH,2.32
8HVMI,2.168
TNJ0N,2.775
R9V5Y,4.846
P00D7,3.996
TNANC,3.205
LKQD8,5.501
ICEM5,4.396
8CCJ2,7.644
5QFDK,3.3
ZHJYO,2.993
IITER,2.592
ORCHY,4.753
NAB3M,6.651
7YTCE,5.293
FXGFN,7.254
1QHNV,3.633
GJ7P6,2.214
VYPPQ,5.17
H2TE5,5.551
LG4EL,7.389
NNHG5,4.039
3LVDU,3.506
DD0SU,2.032
2TTW1,6.259
HHFEF,2.971
DEHNE,2.222
FH7FM,2.126
XSOBV,3.3
OR7HE,4.36
T6WXY,6.313
YVDXI,3.707
GIRKH,6.57
6NOPH,2.162
GWHAT,7.506
RKXLP,7.858
0XS5Z,7.523
LYGRI,2.11
FRBLD,7.274
1APCB,3.295
HR5GG,3.011
DZU2M,6.46
TFMHA,5.716
BPSDA,6.582
CX8SO,2.715
P6CFA,3.887
WBDAN,7.855
NLV5N,4.064
S4OIN,5.685
TOVO4,7.055
C8DPP,4.509
F2DGM,3.763
7CLMM,4.321
8SDXY,6.301
P4TW1,4.412
2ZZCX,5.156
QV8N4,2.098
8BBYY,6.117
0WIFU,7.752
T74ZQ,3.273
KYCRJ,5.592
NHWXC,7.406
LL5BE,6.483
GQHIP,7.663
AEN5M,5.805
XCJBS,2.884
HDAKN,3.587
RLSOB,5.681
ZEAOA,6.371
0LBZR,6.011
A3BNL,6.96
4FICA,6.915
WG2GT,5.357
LDX7M,6.433
D32EL,3.219
LYNFG,6.809
E6DQM,2.331
UHYSG,6.279
RDZDY,6.912
TPFVY,6.447
YDS0C,4.064
WDKHO,4.224
DVV6R,2.63
KWGIK,5.608
JZHWP,6.095
A1Z5M,2.327
FPPZM,2.86
SYDBE,6.388
QM1AI,7.907
TKPYI,7.31
TJ02Y,5.092
BTEBW,4.078
S9DAR,2.598
ASUTJ,7.256
NQJTR,5.558
TITRC,2.754
IHQKI,7.704
6KNVP,7.975
WE9D5,3.593
XCKFB,7.608
JBS6C,7.32
JODQX,2.773
QI7N1,4.123
PFZSZ,5.967
XSJVP,7.563
YHHD0,3.707
AXPFY,6.039
XCCCU,3.366
J2OBR,5.976
KSZ3T,2.149
E5H5K,4.003
92BM8,6.364
9JPOA,2.946
N3UUU,4.425
HM2WG,5.558
7AOKX,6.316
LMV9O,6.284
LIA40,5.11
JU9OV,6.738
ZUNTC,4.162
RIKRN,3.745
OW2CZ,7.773
O24SW,6.425
RWJBU,5.35
YBFLP,5.741
OYJ6I,5.541
5KLD1,6.484
CUY1P,5.185
7S9QR,4.832
BSAYA,3.596
CHWXZ,6.142
FMNUG,7.474
F2RV6,2.15
HKZRM,6.794
SEEGD,7.309
0CFWK,7.458
BZ1NA,2.949
6VBU9,7.316
CWJPD,2.125
1QCVJ,7.847
E28LE,3.762
3RDZH,5.33
NK4FH,7.144
9M6MU,4.263
KICVV,3.074
XIFBA,5.503
GDSU4,3.493
QM4DQ,3.072
HNQGD,5.802
SJMBB,3.267
SQ3HQ,5.141
M60XW,4.043
IPAKA,4.508
ZCY9S,3.692
WIGY8,5.384
OACS9,5.494
ZIAXB,7.662
3GXNP,3.638
JGWF9,6.411
Y3BB5,3.833
L6NP5,7.778
GIKE8,3.69
E5QIN,7.986
QLJO3,7.689
N5ZVX,5.042
BBJ42,5.828
JFNU8,2.809
FJFVU,5.092
UPN9U,6.955
VHNZJ,5.091
VUEHM,2.332
AKUJL,5.746
ZLNYH,5.172
PXGFM,2.696
XNIRJ,7.841
EYH1E,5.346
3QVJN,6.074
4DIXZ,2.36
AWJVJ,3.093
DDIGZ,3.506
PAIDZ,6.846
BYOMZ,5.427
TTVKD,2.292
MMH7F,7.7
Y5GXX,3.85
G2WWJ,7.598
JZYGN,5.644
PLFVI,5.994
1ZXYX,2.956
3UVWT,2.644
U2RL4,4.641
6KGUA,6.191
MURVZ,5.259
ZXMFU,7.099
ZBWY8,7.909
H8VJX,3.833
A6YKU,6.91
TS8HL,3.648
MWLI3,2.789
UQZBP,2.394
MFZFO,3.629
DUSLL,2.57
H4M0T,4.943
ISVZE,7.482
SJPWJ,4.736
YUV8L,6.845
OWUXW,5.361
FIUEK,2.189
DNJTH,5.288
4ZWK9,7.856
2JRXF,2.545
5SQSE,6.726
JDSM7,6.908
GJXVZ,5.283
NA3W2,6.917
OHRT7,5.64
LXTLW,3.368
EJJ9P,4.964
EZ8CW,5.896
3LA0G,2.696
VEIX1,3.983
ZOBLS,3.466
EHA1B,5.772
XTFB8,4.774
IBMKO,4.22
9U6CN,2.282
WEDZH,2.678
BBM2A,5.57
B7UCV,5.559
DHMBS,4.897
AFHSD,5.208
SPZYY,4.302
HWC8P,6.997
KFXXI,5.7
BMVRT,5.512
0KWG5,6.869
TCQQJ,4.546
4BQSN,3.471
XKZSV,7.124
GTGXW,3.924
SAYLL,4.294
4XW4W,5.035
WQG30,5.077
U78AP,3.312
NEBDU,3.561
QUGLU,3.701
QABF5,3.827
WQDGV,4.608
TJJC2,2.455
3UNIF,3.641
WGTBS,5.023
FITXQ,3.617
WGAUX,5.307
QFDT6,2.165
FHFBH,4.523
KYCJU,4.314
Y1VGE,7.816
MSCPS,4.45
FBGWI,2.708
SS6JK,5.383
DKJ7S,7.826
SFLOM,2.301
EYN4Y,4.184
NDEIH,4.73
6KLCT,2.38
PEJVH,3.181
GSKAQ,7.591
VPCQG,3.884
DHMJV,3.629
WM9K2,3.916
OBWOA,4.266
KDPLM,6.439
HBCXZ,3.592
IPJYX,4.093
VCCBS,4.343
NZ1XE,4.623
4YRKG,7.383
HFW1G,5.943
FTH5Z,7.048
IOSNQ,3.259
OWCBK,5.714
UYZRE,6.734
KYL4I,2.215
JGPOY,2.407
J4TB4,6.947
MHQMN,2.57
ZSRZ1,3.795
O5SBW,7.882
TAV4H,6.227
TA0XC,6.352
0JD76,4.337
IE3JJ,3.257
ZBLXA,5.059
PR7OF,7.26
3ASRR,3.102
F2T2H,2.741
XGSK1,3.32
UK4BK,3.866
VWMNF,4.877
JCVUT,6.409
KPNEB,2.327
GRJSX,4.989
9WSDG,5.219
GLBFD,2.492
2TBZ6,6.574
5OSHK,5.217
PIA0T,7.883
Q4LRW,7.168
DZG1V,4.429
VB03B,6.963
3AEMO,7.985
TPM93,4.922
5BPB9,6.204
JJFIJ,5.021
IVDBY,6.421
JNKV9,6.905
KXOIT,7.188
FUHZP,7.098
KENFU,4.597
2BTHS,2.185
8JART,7.376
CKXAI,2.777
ETZRT,7.987
PHYDG,3.765
DTVLR,5.424
DZTNJ,5.547
YAAKV,7.688
E5YTN,6.668
D9SZZ,3.791
K3DJC,3.342
UDOZT,5.52
AY4QQ,3.454
LABJO,5.286
KUYCS,5.526
JAMP0,4.547
ANZ6V,2.345
PCR5T,5.785
MOB4V,5.859
KMNGD,5.808
YE4DT,7.329
H3SDN,4.969
UP1SJ,6.354
EP4PN,5.73
XV8YT,5.948
992JS,5.621
HS5LK,3.07
ORJSC,7.465
QKXTI,6.656
6K8EL,5.373
KWHAK,5.157
3XTE1,5.379
TQWNW,5.589
FOYIY,7.317
IBELG,5.607
H0S6Y,3.182
OAQ2I,5.02
HRUNP,6.732
IF2XM,2.49
EHS8N,3.074
L9CFI,7.219
INOFZ,5.199
CRO6J,2.064
L03VT,4.722
WQ8SG,3.226
CNQQH,5.421
BIAUH,2.533
USRZ5,2.223
05R3O,2.696
GMO3G,5.753
XVJ3E,7.813
8DNSQ,6.068
Y9G5O,5.587
WJMJ2,6.353
C6UZB,2.64
UZIZD,5.964
DZIMB,7.811
W1OKJ,7.265
XPPOH,7.819
M1HES,3.446
2X7MV,5.469
10QRI,3.857
O7FC0,5.881
3BN6Z,3.687
U3HJM,4.617
8GWDN,4.158
AOAFW,4.316
3XRWT,3.32
9MUKF,7.303
ZDNIX,3.303
FF3EV,4.726
0TGHA,3.979
ERWVE,5.095
B22LY,3.448
GLEAG,7.311
2NIWN,3.882
7Y8OI,4.934
NBB9S,5.743
TOMMR,5.948
FEMFI,5.486
UZC79,5.826
RICBD,6.878
PK59G,6.685
ONMNN,6.96
8MLWZ,6.606
49AHK,2.876
PUUFY,2.085
APXIX,2.922
5HI0D,5.15
EQJPG,2.259
REXPA,5.745
2H9JE,3.1
EWYGO,3.638
8YPI3,2.397
EOU9P,2.538
IIMWC,4.8
CF68C,4.058
EED4E,5.303
G4W9W,3.836
FWPDR,2.696
VMKRS,2.753
N9X3W,5.293
GFVBV,3.485
YF2ZN,5.891
4A8LY,3.746
FA2SW,6.269
UQILM,5.738
JIDL1,4.024
IXPNX,2.869
AXLBJ,2.993
0BDFJ,6.019
KSD1P,2.82
PBP4U,3.714
WDPH2,6.044
TCNTK,6.98
4C27V,3.127
OHJIU,2.052
MF59M,5.123
XZOFF,2.83
TTKIG,2.625
Y4TKS,6.986
FHUNN,4.623
XN6YW,6.854
QE7QN,4.367
IVMLE,5.298
ALBBC,5.187
RXMKZ,4.792
M3SAK,6.768
CZ53R,5.293
VG80P,7.442
9W0RI,3.251
Y0ZMH,5.879
DUCVD,5.628
ZJKA8,4.621
WKYTL,7.854
TZRF3,4.404
YKBNF,7.03
EWFWP,2.205
OA7G1,4.018
UAZDF,3.596
OWYMH,3.635
GTDRN,2.665
MRQZ2,2.119
EVSLR,6.773
8NFVE,5.729
J0LQY,3.79
VQLJ4,2.394
YXRHU,2.51
DBTRB,7.621
RJHZT,3.101
9IIOB,2.262
IG9XZ,6.706
ANGGG,7.16
EOXBY,7.416
DRM1V,4.742
E5Y22,3.225
FEMLU,4.894
NFVRH,2.888
EN7HE,5.478
LOKPQ,7.906
OIRP2,5.477
LJFZ3,2.407
SMCIF,7.439
WBUYA,5.654
WKKLD,4.943
JVFHE,6.267
VEO44,3.737
OXHKI,3.024
ABL26,4.65
EDCYI,4.649
V5VWW,6.874
AVS31,7.948
B83AD,3.498
3TC6S,6.365
IT7UE,6.575
JIIRE,4.276
QLQPM,6.794
L3TEE,4.861
H0AMM,7.162
W3XPU,3.419
CFGNI,5.094
UB3T4,4.118
YNFBE,2.507
QP3HR,7.753
IGAWF,3.644
AZFDS,3.171
Y24GZ,5.417
4RPRC,7.761
JX6ZZ,5.382
DGAIU,5.372
OGR6S,5.631
4UTGN,3.274
BLHRL,6.291
RIZXN,5.107
P4FMG,6.302
F3Z8M,2.289
MJI7X,7.55
6K0AV,4.917
ZX5FJ,4.851
X3EFI,6.66
LARVC,4.845
B8MKD,3.089
M4UAC,4.572
PBBXJ,3.239
XP1CH,5.2
FTXQZ,5.724
A7HBB,6.464
2Z2OE,6.959
S8AYB,3.913
RLJOC,5.946
BNWNB,7.685
CWGBW,6.438
RGVHN,7.683
BWI3S,3.028
8FTKE,4.655
40MK3,6.184
SMIEH,4.03
8SVNC,5.476
B3JSG,5.572
L8JCW,2.89
TS07C,3.61
9QLRE,5.893
AFK96,5.826
VJ09H,5.33
SIIUH,7.321
HH6BJ,3.599
SBRGX,5.373
GFYYL,2.368
LQXGA,3.554
KOHIZ,2.039
WTXR5,2.248
ZBZIZ,3.44
RN5VC,4.918
5C163,6.83
WSD3I,4.035
6QOQQ,6.174
NDNEM,6.817
7AXHH,7.977
5QL4L,7.435
U2RV0,6.896
AD7F0,6.823
NQRKY,4.533
FBMTQ,3.069
4I0IU,3.722
6YPP4,4.985
X5KWT,4.387
ZFHJ4,3.269
A2LKT,7.817
AXSJT,2.992
BOEX9,2.954
HRL31,6.505
SSROY,5.185
VHVK1,6.089
RXIKP,5.258
4LVRG,5.671
EKI6D,3.815
CLFDZ,2.333
0DX54,5.708
PYUFG,5.257
FONVW,6.068
GV1UU,5.608
HQQEG,3.606
NBAYM,2.644
ZLMXV,3.876
FT9PY,4.463
DBDCG,6.074
MTP5Y,3.449
PRXXY,5.922
SXVOB,6.857
4NLVF,6.559
2RDHV,7.607
W6SXV,4.549
F9Q05,4.096
2CGPY,3.097
Q5PT1,2.899
P6UZV,6.292
UEKB7,5.05
BBKHR,7.649
SWMTE,3.797
SGUYW,6.441
1AHXL,2.978
J8JCO,2.418
JACFS,6.06
0PYHX,6.578
MTP3K,4.729
VASUN,3.714
NZ9O6,7.195
Q0HGX,7.812
BDYCV,3.281
UPFKE,6.646
WHV4H,3.65
Z5JT6,5.924
9EVJY,6.96
R52RV,7.137
I8NZ5,6.223
M3OL1,2.398
J4LEZ,2.811
ZQH6E,6.771
EBAUK,5.998
EDXHT,6.083
GXMHT,3.148
RBSB9,4.156
Y6UIS,4.094
DHSQI,5.868
A17UG,2.784
Q2JXE,4.029
SGFWL,6.493
5IOPS,5.084
GT0EO,7.356
Y7RH7,6.495
HLDF3,3.9
BXQKG,3.738
5O3YA,2.212
4IGJY,7.842
V6VMS,2.889
IK2OE,2.136
5768W,7.442
ORYCC,3.88
L1C2A,4.003
QTKVU,2.252
TTWR0,5.479
B1NAP,2.471
ETSLP,6.46
IXOZ0,5.305
EELQM,3.681
CDRYQ,6.341
PV8RX,3.001
L7ZVZ,7.661
HE57W,5.18
DEE5A,7.588
3TRMR,7.907
I3XWK,6.027
DPJCQ,7.685
SOJU3,3.325
JERYO,3.129
LE5VA,5.569
OE8SA,6.597
I8ASZ,5.892
KUGRA,3.571
7CCCC,7.584
8HFRC,4.251
CDE6H,7.951
UUHL0,3.37
6K887,2.414
GP2ZT,4.031
4TTYM,4.227
RIXDO,6.714
MVUH0,4.813
EONNI,3.748
4PC8O,3.597
9CGXG,6.154
AFHVO,3.547
RLX2K,4.84
6ZBYY,4.708
QAEVE,5.245
JKGRR,5.109
4HEYT,4.485
W9TYB,5.538
SQKXW,2.733
UKHJJ,2.8
FOAF8,3.338
B4E2Y,4.826
MIZ67,3.013
EX5GT,3.684
QL14U,7.915
N2MKS,7.587
FQ4RV,5.771
ZTNO5,5.707
ZDO1O,4.144
FPS3V,5.23
IRFJM,4.686
WRTPQ,7.182
BXRQM,6.18
9NRQN,2.829
FTMWR,2.195
7RNQG,3.713
JOUVA,4.37
IPCII,3.988
RHYXP,5.009
75ADH,5.707
A0QV9,2.52
Z4MGW,2.949
ZE1G0,5.785
766I3,3.646
QK16W,4.265
30ZF3,4.661
0Z2RI,4.144
8SYUF,5.433
UT9NG,3.368
LVWQS,5.905
JM6BS,7.537
PEXPH,4.398
WYXFJ,5.486
DDH1C,6.895
ZXCRQ,2.377
A5RZ7,5.684
6HITN,2.825
6VPAM,5.48
CVEII,3.477
4G6JN,6.513
IVGQA,2.716
KE3KB,2.837
OTTQ4,7.816
W5506,7.324
GXCAH,5.372
H4POS,2.94
2GMPR,5.311
WHM3Q,3.175
2OQIT,2.972
NWCR7,7.156
WP2V2,6.232
8UQZE,3.726
DUBOW,4.748
IFHTA,5.33
MSFFH,5.21
KREQP,4.072
S2WHT,3.525
KN2YX,5.316
YT1VO,4.14
RMFH5,5.582
ZOAKU,4.941
VU6O9,6.542
XFPOD,3.742
9S3O1,4.346
VGNUN,2.402
LSXQ6,5.78
BUCNK,5.996
QI9D4,5.455
AYNWB,7.348
DJGT8,3.612
TEU2K,7.403
BMU3E,2.968
V3QMC,4.714
6HKSW,6.403
JJ3MQ,6.305
FKLC2,3.318
RJ9CU,6.866
EIKXV,6.335
ZSNNR,5.349
OMGKL,5.378
ZTHPK,2.513
JE4FB,6.817
Y25PC,3.911
Q0BHV,7.211
Z1YFF,4.237
GAAVJ,6.904
VFEOA,3.976
AWRBS,5.434
GZL2M,7.501
PGWCI,6.771
YE5GQ,5.587
TBSMV,6.907
KR5JB,2.56
GKHL2,5.136
BGIUS,4.741
PCMQU,2.043
9I7O4,7.186
SMKXH,6.507
NVTOW,3.617
5KVL4,7.338
3S5SC,4.278
SWUZY,7.998
RBPJR,3.724
BEPPN,3.652
SOYIA,5.688
MEOY7,6.169
IU2VZ,7.774
UVV07,2.242
8Z9BR,5.965
2F196,3.755
QXJKH,2.538
0E9ON,2.891
5SW8A,5.797
X784V,6.583
TZVMS,4.267
MEIZV,5.333
1QN71,2.798
JVMQZ,4.836
HAJTF,7.015
K8QV7,6.083
REENS,7.666
YGGSV,3.351
JUI0Y,7.628
CVPWB,3.49
6HENI,2.732
WWBBU,3.167
5BNRF,7.943
NELZM,2.83
WMYGQ,2.207
XF0G6,2.122
IA3JQ,2.623
LQQOX,7.145
36AFO,4.616
GPFOO,5.11
MAFHT,4.268
KBSL6,7.892
KPUOI,7.598
ZG3I6,7.103
MGORG,5.265
SE1Z3,2.218
UC7CQ,6.777
T06TE,7.471
KAY54,5.955
BGYUK,2.55
SD0RJ,3.563
G6QIP,7.972
HW6RZ,7.558
OIAH6,6.247
O1QAI,4.132
1SFJI,7.763
ZXYYR,3.777
K2Z0U,2.529
BSDPK,4.96
UN3UY,4.973
LTX7O,7.565
L8NAQ,3.636
FNPAG,2.439
MIQYH,6.71
MN4U8,5.874
2PUFQ,6.119
DMEUK,7.17
B7L51,2.346
UHYCF,4.766
TBNEV,3.169
WL7AD,4.863
I0QQT,3.014
N4VLV,2.14
SUBLQ,6.896
RRAYW,4.752
21BO9,7.265
PLCGY,7.79
5SX0V,3.224
FUXYM,7.092
8CLFG,7.405
YLBSC,3.221
HFS0W,5.911
JZ4ET,7.59
I49NG,2.94
EL0LU,6.681
IBXQR,2.352
ABUMU,7.263
XD2PM,4.267
AZYIL,5.145
IUJBJ,2.725
ZXFKU,4.507
HAGVA,6.628
YC5PX,2.041
VPZYX,7.535
T8FWF,7.803
YLNPZ,2.084
ZG4WL,3.041
S58JB,5.036
E8LVZ,7.635
BB2SY,4.993
VHTF8,6.89
HPVVY,5.028
QJVQD,2.139
6EYOG,7.55
JLPSV,5.169
OIODS,3.618
WBYBP,5.334
F6C2V,5.577
KSFE1,2.817
CO7F1,5.779
TWG8P,7.107
VGRBG,4.338
UPPVE,7.421
EDJGY,5.953
WEBMZ,4.785
3SPH7,5.817
WI4R8,2.412
AZJIY,6.08
DTF6I,4.535
91DPX,3.995
6QKDN,4.1
YKA5P,4.973
NDG4D,3.833
PWST4,3.323
7QJR7,2.911
QDJPW,7.404
QJVRC,6.853
HRFT8,4.312
VFTCA,5.96
SQGEP,2.205
HLTGP,2.094
JGXWD,7.759
4M0H3,2.288
VA7IJ,7.432
BD6AQ,2.614
INW2N,3.765
GKKEL,3.691
X3JY0,2.288
8CSTQ,4.311
DWXZU,2.875
1TEVE,2.943
I2GHY,4.651
8V35F,4.719
LKKQ9,3.957
CZKSC,6.87
6ELOI,3.369
ASET4,5.063
N3K3U,2.256
X1AB7,6.738
BRCZZ,7.889
Z1RJZ,5.379
2ENNQ,4.639
DPU7E,5.544
W5YYP,4.547
3OBLG,5.711
JAPB9,4.512
6L2ZM,6.167
ICVDP,2.374
ZHV83,3.367
KBOEW,7.761
DUOZU,4.646
SIJGE,7.753
CI15Z,3.536
XXQDW,7.403
HVZYS,7.73
90KAH,5.921
UJNHJ,6.567
0X0DI,5.076
UKHZF,6.259
0EUMV,5.41
IMWXU,4.612
QSBNG,6.362
V59AI,3.322
R4CDK,2.547
B57JA,2.093
VQOJS,4.754
A9BPR,3.555
WJB0O,5.66
LNDQO,3.269
BTT9D,7.757
RJARV,2.461
RBQ85,3.865
BYS9V,7.41
Z0HV7,3.228
FHENN,7.395
ADS60,3.993
CUNFW,5.532
LHQAM,6.622
JKJBV,7.626
STIQI,7.15
YM05F,7.206
UPW67,3.713
X4G8S,7.705
M3T7G,6.724
JZ4QZ,7.693
BGGCN,6.49
AJWSC,7.103
AT10N,6.683
TBZFD,5.369
MZNAS,2.222
TNL3S,3.197
CQIXH,7.745
S5LJ7,2.59
Y3ENJ,7.679
4WP7V,3.993
10PHN,4.301
KIIEC,5.089
CIOHD,7.356
IYY7J,7.509
I0MKH,7.557
FVWQR,3.208
KAPSE,3.142
6WYYR,2.471
RAW3Y,3.675
XFLVK,6.933
QCLCT,3.859
LKQON,5.626
Q5UTV,7.495
DJ6K8,2.336
N8TE3,7.581
YJD7X,3.9
ECDAD,5.504
1ZZN4,2.952
7E2BQ,3.944
KQ8JS,5.113
MBAK9,5.581
JE03A,4.488
9WJUP,2.848
NWIOX,7.211
SGGSY,2.77
U6MJH,5.298
T5GWG,6.568
PWBT5,2.43
Q7WCN,7.142
D9AGE,4.925
ZIZ26,5.058
6H95J,6.132
B0IEN,6.316
G9YVZ,7.419
JQYQZ,6.302
GVG2Z,4.468
5JJHG,3.047
4BB3U,6.223
SPQGU,4.527
AQ3ZJ,3.217
YH212,6.452
KFLBL,4.521
CNDMP,5.519
OO33Y,3.039
OXRM6,6.588
APSIM,2.436
R89BO,3.094
DB9IB,7.988
RDFPQ,4.658
OTJMI,4.761
HOWN9,7.225
OCIAI,4.877
3OJL8,6.001
H44UD,5.245
MEMYX,6.787
JUICJ,7.786
QFUMO,2.246
OTCTR,3.294
VLMWQ,6.585
S7C7N,2.832
UFK9Y,4.821
JOGNN,6.188
JSHDT,6.781
ZAJOG,5.3
QCVJ9,2.2
UQ73X,2.042
MZMWJ,6.061
TAGXF,7.742
I4EJ2,4.925
7JHIG,5.706
0UB97,2.59
QGNXG,6.553
OWV2I,3.912
WHV6T,2.208
GZLYV,6.701
WENE0,6.213
FOVWC,6.094
9RPCV,2.928
O9HD7,7.995
KAL2N,3.124
53ONH,2.89
FGV7B,4.929
M14ZK,4.782
8BTUR,5.162
NLXQT,6.779
Z6FS6,4.669
V0QDD,2.726
MX0PS,7.524
6ZGCN,5.892
MOFDH,2.692
AZHC7,6.151
XCEOL,5.337
QJF9N,4.558
3NAA6,5.525
7R9ED,7.899
1OH84,2.436
7FA8B,2.681
PGYRZ,7.393
FP9LN,2.152
IJAYC,3.513
FAPVM,2.657
8LQAM,5.672
G5IG7,6.495
HA7OR,3.675
E8IKI,3.274
ZNSZU,3.694
0PGRQ,2.599
J4VOX,6.692
O7RFX,6.984
P4NKB,2.532
IAAD7,4.543
H3WHX,7.253
T22DV,6.096
JXLYG,6.766
YWUSN,5.959
XAQB3,3.611
Z12CX,5.107
UBKUU,2.597
Q6MLO,7.016
SYFNJ,3.286
4U5JY,5.169
PMKHX,7.078
H2NY0,5.603
AM5MH,2.354
1YGIQ,6.433
EIWCI,5.328
NUJSD,3.338
Q6DMR,4.082
AZIRV,4.518
J8QUI,5.813
IL2CI,3.788
IICTR,2.99
HSAEJ,4.522
S6K7S,4.393
62LJV,2.161
ZKBEN,6.278
BGQCT,4.132
OPXNZ,7.731
OX4HE,5.545
4WUJK,7.747
G4UB7,7.465
1WOWF,3.305
GF1EZ,3.659
59L5L,4.962
KNLAH,3.238
ZZ962,2.184
DDBFY,3.886
SYEP4,3.162
8LVWF,4.446
TNTH6,3.791
EXQYP,7.821
WQBWO,6.59
NMSYG,2.564
FNBGT,2.933
MJTDK,4.584
F6W5J,2.489
WDSMV,5.235
CI36S,4.394
KEDJA,3.356
6BSKP,4.236
VF7JJ,6.679
SX9GH,4.926
7JJDU,2.908
1KWRN,7.768
CR727,7.7
MEKP2,2.006
QCLS3,4.574
7GZI2,2.068
U4IZS,6.079
TNLIS,3.76
2PWL6,3.612
FX8HR,7.884
GJAEE,5.47
MQNIS,2.912
0CCJ0,2.029
18ADU,6.894
IKT6T,2.875
MAQAI,6.595
GIBIW,6.638
BVB0G,7.828
RGOST,4.189
U1GRE,6.126
GYTVT,7.772
VUSMS,3.621
2TBBS,2.348
MMS8E,3.343
GEDEQ,4.959
GGTNC,3.091
CR9NS,7.415
KDIAQ,7.346
O60WP,3.014
PDTXL,4.833
UJPFX,2.115
2GMMX,2.44
AFOWD,5.421
39UBF,7.991
BBLHY,4.433
X9L74,5.922
AHF68,2.613
07ZXX,6.734
RVOBA,3.79
TWIPU,4.48
UYTNR,4.261
QGAXJ,5.917
1OCFK,3.956
FG0YV,2.424
GMRHI,5.819
FYZOB,7.106
M7YBO,5.972
ZUPMO,3.857
G5ZGG,6.841
AUKFH,7.823
XXJBK,3.863
WV2PH,2.628
TOBIG,7.728
GYSP3,7.588
KZEVQ,7.03
AD3RT,3.205
DZPBE,7.283
D2GKC,4.429
4Z1SC,4.465
1SKL5,4.223
WMJRF,2.933
JYKBE,5.851
G4TCE,6.552
XVKFO,5.684
UJD7J,7.285
8JDMY,3.141
IAOOQ,7.029
CCDSS,2.725
BOO4P,3.496
LDKTA,4.611
XI4Y5,4.141
MHXXJ,7.571
Z8X9A,7.943
QKDTJ,5.485
NC2MD,2.338
IVMBC,7.653
0BGCS,7.782
DQJ0H,6.121
0VBSS,6.275
B3RD6,3.724
G4PKS,5.813
TMQ0W,7.017
N0ZP7,4.086
3NRVH,7.473
RXBNJ,7.777
TFD5A,6.971
HKYDJ,7.336
YP0FS,7.304
JS9OB,7.498
U38K4,4.102
7KDZP,4.688
AQ3F5,6.825
ZIKMB,2.85
PFZXC,6.74
R6WTU,7.806
AWCC9,7.5
MGOQ1,3.652
HLZOE,5.887
AMKMO,4.24
HTJ68,5.696
TQM6D,3.242
5DRFW,4.254
IFUAH,3.34
URCP9,7.826
BAVJW,6.132
T7QAN,3.271
YYNEH,3.192
32OIN,6.789
PN2VU,5.35
FSUGL,3.168
M4VW3,2.571
SFPO1,7.99
DE8X9,6.897
VQOKY,2.18
LFAU1,5.365
VQGUC,6.197
PATAA,7.155
SSTVU,4.123
SPN5X,3.498
X3E2X,2.338
4BQII,7.928
1FD2J,6.332
TE56A,6.669
KVQO1,6.237
SQOZY,6.127
O25HN,2.402
6HTFV,5.402
FEUHM,7.165
XCA3U,2.699
R9Y6X,7.59
IISYD,4.764
UQCZM,4.752
3P6ZW,6.596
KPXXP,5.468
LNMUN,4.41
JV2DQ,6.321
UIGSG,5.359
RLOZQ,4.169
FIL4D,4.685
FGUQS,4.739
K5KQ1,7.449
FTN9W,2.175
ISLZP,7.257
DGHCW,5.36
2IWXT,4.524
ZQ1XN,3.776
ECYGJ,7.371
VPC55,6.906
RZBTM,2.458
TTI5C,4.557
J8FVL,3.835
NVTKX,5.357
QAKEV,3.547
3EIEQ,3.149
DIEJO,4.551
QKCJ6,2.502
MWUZH,7.192
HSR1G,7.901
LVGLI,4.194
DUWNT,3.973
SSHCV,6.95
M3J2S,4.686
2G5EZ,3.833
JBS1V,3.949
XUGZP,5.773
713YE,4.323
PAR1B,2.334
COYA9,5.41
P90YU,3.08
TDSGF,5.261
FRW4F,2.178
ZRE8E,5.637
1BEJB,7.799
QHK4T,2.673
WKKQE,5.661
IUEHX,7.452
IKITX,6.636
R5MYC,2.404
47BT0,7.279
ZR7ZA,4.47
X91KQ,3.566
0NEZR,2.607
5L4TQ,7.929
EOKYK,3.363
JKZ7O,4.672
GYKPF,3.386
UG6AR,4.181
CZBI0,6.43
CJ6AT,6.491
6LVGT,7.549
I1ZFP,6.396
GBZZK,4.971
N0NSG,7.284
HGEUN,4.309
VOVTM,6.612
CSZ5G,4.416
8SDQT,6.806
TJMAS,5.133
XBMZU,4.412
UQVUK,2.318
GGTE8,2.822
ORFWP,2.499
2T5OE,5.039
CCGJX,6.972
ZY14Y,7.967
MYVQ8,2.147
O4KMQ,2.322
C3TWB,5.728
HIWY5,7.997
VIXEQ,6.484
ETAIG,6.908
26DVL,6.345
AQB2B,6.792
8PRA0,2.692
NRHHE,3.282
JMQU1,7.283
DUPXW,4.694
ARKCU,6.776
NVVQO,6.365
6VCBG,6.229
ASSGO,4.404
LFK1K,5.386
IMFFM,2.758
EEUCY,2.998
RIPKA,6.306
BAHDO,6.431
DUQLW,7.417
SLGDE,7.184
VUFME,5.537
KGOCI,6.593
B4DK3,4.542
A7AJ4,4.687
4UB0V,3.604
HY5FY,4.799
EQPVT,6.651
8WMU7,3.962
M8DSF,7.083
WPCMU,7.022
X9JZM,5.354
XYBGN,4.963
CSXCS,4.934
QU46O,5.97
VCHUW,5.692
AFXZN,4.576
QVYWM,3.135
N3VNF,3.189
HTKTZ,6.063
CB3BF,6.175
GGLRB,2.243
AFCV9,5.216
IVOTN,6.083
M6MRQ,3.383
OXYQ1,6.864
OSB30,3.08
ZIVC1,5.178
BFL93,4.307
LVFNR,6.003
CCLJH,3.479
ZAMDO,3.272
J7T9Z,6.443
KPFSS,7.463
PU69N,3.637
SZDDP,3.822
IUZO2,7.855
BWT8Y,6.848
OGGZE,5.842
VTGGT,2.049
RUQEQ,2.429
IBAU5,7.663
TQYGI,3.477
TMDJK,3.024
70QOT,4.506
QUYMX,3.845
IVFZX,3.44
R9B0W,3.258
XKQ2V,5.596
ROUMA,2.353
BTC5O,3.594
UMQXI,2.901
RZVOG,3.495
QLZYH,6.895
SV7QC,7.178
0FB3T,6.95
TGOVZ,6.814
A33II,2.218
WM3JT,2.356
QYZ9V,7.862
BRGDH,6.136
V0HAB,3.92
JWV2M,5.591
NKIJF,3.086
54GZR,5.691
P6MFO,6.072
KLU6B,3.254
BQHIW,2.417
O4OZE,7.802
T1NVS,4.071
Y95IE,4.262
7LAL7,4.988
QNZSJ,4.366
AZPAM,7.46
OI1GC,4.192
MI1GE,5.782
R0OSD,4.427
HMD3H,2.051
MI8S4,4.95
HFBPT,6.629
DDVSN,2.147
QBUWC,3.757
87FHX,6.662
RRRPB,7.431
JUDOO,2.118
WURDN,6.05
EAIMK,6.051
DXMF8,6.614
UEDHK,3.285
VOPQB,2.403
II2RJ,5.507
VIWL0,3.899
E3Z1Q,2.613
QGNPV,3.957
LHYO5,5.082
RI8DY,3.008
X3P5D,2.572
BTYQQ,3.119
X2QND,5.639
KXEKL,7.559
RG9TQ,6.679
JOZQE,7.767
DRQGJ,6.642
ILNDC,3.34
3WFJE,2.953
6OLWO,2.918
RXLYV,5.243
ALSJU,5.271
KMSGH,5.237
LZRQ5,7.557
C1PXL,2.669
FWHYX,7.864
WQSMV,6.561
HLG5C,6.164
LHZ2O,2.176
VVYNG,2.341
PGIF5,2.483
RSNQL,2.239
00WLU,2.879
RDQD1,3.376
CTGV6,5.061
II7ZJ,7.761
6ALED,4.042
RNJC9,7.543
CKU66,4.748
DBO8U,3.805
WTB3L,3.932
3DXJU,3.887
XCFVM,6.451
T3UBJ,2.853
LY5D8,3.574
VGWMQ,5.906
FRTK0,4.472
4LCVR,2.586
YGQZE,5.436
JO1MS,5.333
PPGQ2,6.367
HZCQ6,2.75
QJFMG,5.905
OBA3N,6.591
UFC2Y,6.814
CQODN,6.223
CWBOP,3.614
N38L9,7.104
4DYIH,5.737
QGIKY,5.483
T1VAJ,4.53
IKDCW,4.983
FLND5,6.63
RSTMS,3.223
ZHK5D,7.851
WYBQS,3.394
AEMCJ,5.826
WR0QI,6.463
QVVA3,5.731
BFIFP,3.361
5UED9,3.515
XUGRV,2.856
GKP92,4.032
BEEJ2,3.753
GWUPP,5.8
29VTY,3.478
PWSMB,2.944
PPZYQ,5.458
PMG69,7.323
AMTWT,7.529
6OCN6,6.301
GHG45,2.693
VG1YA,5.541
GIQDA,2.765
LT43A,7.569
BFKW6,3.16
BLZIG,4.705
7QTV1,3.506
YMXVK,5.905
1EXUV,6.135
IHTU8,4.861
ROBCB,5.231
INS7J,4.766
LIUDL,6.366
IYJ5N,4.065
LWMZI,4.674
AFW0M,3.176
MZDRQ,4.307
WZQLN,2.188
UEDL7,6.638
IHHY6,5.804
KXQRQ,4.246
Q92ZM,2.748
AOKST,6.836
I9OEW,2.422
2BVBQ,7.494
TWHOF,7.318
P6RME,4.704
SEC42,6.825
CWTT9,3.672
9OZMU,4.885
BK7DZ,3.274
P9LVY,4.649
PRZZV,2.556
BQHV7,5.519
DK14T,6.244
ZRSEY,2.493
TMBOJ,5.555
WYOQY,6.506
ULEML,6.798
USO82,3.94
JWWVD,4.203
26FOA,7.172
L833M,7.532
8H4N6,6.446
CXTRU,4.209
DZMST,2.067
NCGCW,7.049
KFFUV,2.001
MBY7D,2.763
PGFAS,5.028
PYFSE,3.287
TFODX,4.605
4N9AX,2.135
RF00V,3.523
HDWF8,4.881
VIDOK,6.105
M2RFF,3.594
S08NQ,5.089
4X1KZ,2.462
KWVHQ,4.173
6NOUE,2.1
C6RSZ,5.653
OA0Y8,6.588
BKCNI,4.024
P6HL8,7.336
KIEW9,2.378
FG07X,4.885
O87TX,2.632
ITEOT,4.431
GDVSY,5.058
X8HPD,3.068
QHTOW,3.853
DW9IN,2.56
GSDAD,3.989
WUBJT,2.819
UKXAL,3.738
DHDAL,2.999
9X9ZN,4.215
ZL0ZU,6.274
ZE2TA,2.802
0QB8E,2.044
IFXD5,5.116
TVQXL,5.703
GKOYN,5.136
WTHBZ,7.387
BDL0S,3.613
FBRNK,2.535
POGY0,5.985
FYB3U,3.217
62290,5.147
CIZTN,5.517
RDCBK,4.576
RBW1K,5.032
MTBDP,6.784
J2PKE,5.843
7XFUP,2.381
QWRBT,2.389
VPP2W,7.176
YORI5,7.823
LLFY0,2.331
YX9QU,5.255
ZGYCI,2.573
KO2PC,7.751
QZRF8,2.95
NRP16,3.519
TBVAT,6.608
LK65C,5.655
WXS5S,7.478
VFBOX,5.258
GEKQ6,6.944
CNM8L,6.236
YCVBV,7.976
HFSMW,5.476
F8NJD,4.196
NU7FB,6.502
MARB7,2.106
JKKWP,3.984
CBZOA,6.655
NJZFP,3.876
ZY3WB,6.165
QTFLB,3.755
PHFTH,7.486
FWXIG,5.049
DDPWK,5.759
6DVPU,6.767
J3B0R,2.009
MUJRG,7.138
QQFDV,3.664
4JUCN,6.594
MTEGK,7.64
RZN0Q,2.504
0EHE5,5.044
NKWUP,3.504
OFE5R,7.886
IRMMF,7.625
NNSA4,5.836
GXNHP,7.722
PTSRU,5.957
JRMVH,7.93
JKCCP,5.439
SGWLV,3.719
46ET9,5.964
ZAUNN,7.417
RLXAM,4.191
LMQ3X,3.141
BI5OB,5.254
EE6R0,6.756
1H7DB,5.579
XCELY,7.47
PPD1V,5.106
NOVT4,7.334
HUIEN,2.406
QYHEU,5.334
DJOPT,6.815
TK1KF,2.616
EEVBH,4.595
6PVHG,7.16
UYY5G,5.563
D1KRE,4.822
6E4ZM,4.729
DFNRJ,5.251
BMYPF,7.275
GGPQI,7.137
FWF9K,6.235
QOO6X,3.333
VHOJE,6.882
ZMSWA,2.27
KCB6Y,7.654
VOPT7,3.096
8DQR3,5.169
YXV8M,2.344
STHIF,7.513
D2CML,7.692
E1AYR,7.442
TFC2Y,5.228
ISLMZ,3.698
JREBA,4.29
OBZ52,6.777
TXDMF,5.258
XEOTZ,5.427
X1AA2,7.913
9OUHV,5.979
MZ5JH,4.883
FITPB,2.264
GCVI6,7.623
SE39P,6.345
P2MZT,6.992
DHUFA,4.548
MYW9C,7.94
C8IAR,3.421
A9UHS,5.656
EVVRW,6.438
CTJM4,6.652
TQMIT,5.255
DPTAE,5.707
N8GKT,3.945
SXUPX,3.375
G4OJ0,3.367
LDOKJ,3.816
OBIKF,2.057
QGEM7,4.382
LAYB0,7.664
HIEZI,6.745
IXGBT,6.328
HKPSJ,3.409
Y6NDU,4.232
7ZE49,5.523
LTSZG,3.112
MMJIK,7.459
IGVDZ,7.856
BV8CX,4.281
SGGEY,3.489
BXNJU,2.887
Y77M9,3.796
O1B26,2.277
8ZYZK,6.495
JUWYQ,4.716
D5J7L,5.038
EGN4C,4.438
BMORH,5.507
YTQA5,5.038
ERHIN,4.655
VBGB4,7.024
YVCWY,7.903
CZWKQ,7.835
ZD0NI,3.4
BJ6HX,4.194
XV4BN,2.258
NLSPY,5.274
US1PG,5.857
XWV7S,7.456
UGX32,2.7
YJDRT,2.548
WSFJX,6.508
JEMV0,6.865
LGFQL,6.307
MW6R9,7.374
GXWW1,5.043
32DJF,7.95
8Z3AT,5.781
BGO0X,6.514
5JEDL,3.449
QKA0Q,7.026
TIIBU,4.54
0RHIC,6.678
ICVT0,6.758
KCHVC,7.739
EFLNM,5.213
OOVRN,3.862
SB6AN,4.39
ZMVH9,4.174
1DPTM,5.308
UHE2Y,6.12
RFV70,5.85
KRKXH,3.745
1ZGIX,3.845
ZTXHT,3.197
UIXYN,2.587
AEE0F,4.482
UATQ0,4.785
Y5FIU,6.871
PXRVQ,4.276
XL9NF,2.341
3SCXO,4.267
KRQGJ,6.592
E9DWP,3.696
2JKAH,4.764
6RKVM,5.396
BLC5T,7.142
MZ2G3,6.478
8IYHX,6.537
IDIZQ,2.083
RVAPE,6.697
8SMSC,7.733
8EXTU,7.519
LFRMI,2.563
XYQHR,6.416
NZ4IJ,4.725
SJBNT,2.776
IBXJC,3.631
ZGNUC,2.373
UIS2V,3.538
DFFT7,6.766
E5RLB,6.941
47GHN,2.604
C32PH,2.281
6U1CK,5.692
LTIJA,5.297
WHXSX,4.178
FLSBH,6.259
P0FUO,3.126
SLHOY,4.918
JPJB5,4.997
SHZCS,5.922
RUJXY,6.27
N38EI,7.656
JKRMG,6.209
9TTRT,7.792
WJO5S,6.458
N33UH,7.587
XGCNI,5.975
FFBEJ,6.559
XBTLU,4.918
LREIV,6.154
OMY6W,2.269
KHLFZ,7.708
IXEE6,5.29
BSIUX,2.229
FKNDX,5.587
4BCIM,5.742
PINLY,6.588
ZN4EG,4.877
P83FP,2.371
1PYJ7,7.084
7ZWKH,2.845
MCZL6,2.166
RJYWG,4.11
TDDMR,3.079
Z2SHT,6.331
3T5AZ,6.771
WWDTF,7.085
HCTU4,6.411
5LSKT,3.532
NSPEO,2.757
CEK3Y,4.317
XNBXA,3.672
WTSPI,4.57
VBUQS,5.364
D5PZS,2.689
H9HOJ,3.162
XNHRS,2.543
1WCUO,6.768
V0R2D,4.421
0QOJP,2.953
SA6VV,6.428
5CW4N,4.23
YAWYH,3.884
SW8LU,4.78
ARAB0,6.604
YJGVY,4.453
P6KVI,3.351
IME7G,6.989
CMXQK,3.908
OOFPH,6.103
EICMQ,7.004
FOFRF,3.777
QQUMQ,4.291
O4XVH,5.174
JYBHE,6.904
H37FI,5.467
T5Q1Y,5.622
FGPYL,4.128
AUDHY,2.154
OYGAV,6.779
OOMDP,2.742
LUZHP,4.425
QORE2,3.462
G3GFJ,2.512
OME4U,7.157
9TJIN,7.782
9RAYV,2.428
ZHDN3,2.766
NCGMK,4.465
LEKAW,2.521
YVXXV,4.52
5PCAA,3.066
RUMRU,2.448
WYA9O,6.005
PEOXT,2.057
ESJG9,6.187
AFOY7,7.909
A0BFB,6.427
PFVQX,4.891
IH2T2,4.106
JWOOB,2.827
MTPZL,7.009
ZUDOW,5.469
ZGNEG,4.428
EJWAS,7.497
3TZEN,2.641
6ZM7K,3.402
LBWA7,3.797
WOHJR,3.148
CBXX8,5.354
GZG83,6.921
7VZR0,6.055
YXJWX,6.651
KVZMG,7.498
KWZBG,2.933
VAVZO,2.105
TRFZ4,6.507
IVHLW,5.396
35MWC,3.157
VPEXV,3.803
D4HF7,3.339
LB6TC,7.326
90WZK,5.925
ZVCPT,7.294
QU3BY,5.948
QQEZX,3.986
RS2SS,3.819
OTHBZ,2.692
HGVHG,7.946
N5TUM,2.175
6LLHC,5.139
61UHN,2.091
WZIU1,3.607
2GNIJ,4.24
EZNZB,2.443
GDPKI,4.556
GPAY6,5.157
ZUV82,2.222
7KPMO,3.737
BF5CL,2.179
FTHHZ,7.861
WYTCE,7.992
DJBSO,6.018
XKCGM,2.905
KZGRK,4.911
WKTAD,2.991
BO08O,4.238
VQKOS,7.959
U5GP9,7.263
G7OZO,2.925
QLFBE,6.983
6GTFQ,7.123
HQUOQ,7.867
QWS1T,2.143
PKEGE,4.477
KMK2G,5.761
Q8E2F,3.959
DYYZW,6.023
NXCG9,2.839
JSYN7,3.735
J9XZ7,7.679
HSE62,6.514
FFPWU,5.009
YHN5K,5.047
YRDQK,7.943
IYFHD,6.84
4JT5C,7.129
UCXS5,7.676
H88HR,6.951
LMHDH,7.447
IUGJM,7.815
SPOX2,6.427
SMZTQ,6.475
GCHVL,6.856
BEQGW,5.502
XJNDA,5.016
WRWFO,6.342
ZIEKV,6.139
NGF3S,3.637
IJDA0,3.363
EGMJ6,7.536
S9GU1,5.132
TRW1V,7.684
XJWSP,3.171
DMEZ3,5.95
IUJ9L,2.055
XNFQG,5.851
FUNVE,4.645
Z9XZX,6.336
HOZZX,6.615
LKLHG,4.96
AYNH0,2.964
VRRRR,4.001
LYGJC,5.887
8B5LN,6.321
AJFXH,6.382
9E4SH,6.399
BIZZJ,2.559
MYVQY,2.599
UAR37,3.89
APNR3,7.14
QCKMT,7.396
KWXZL,3.751
YIFUQ,3.613
ID3LE,6.672
U0QD9,3.875
ARVOS,4.465
0APMA,7.43
MMVV3,7.697
TLTHZ,4.672
K4VFM,2.826
LHISU,3.952
FJ3LY,6.385
UVN9U,3.319
B7SNO,6.629
ZXZQP,6.091
XNSPW,7.596
IREJG,3.53
ZYFJT,4.334
KPP0P,3.606
AZKYZ,3.7
Z72FF,4.165
VA4NE,4.862
SYPDM,4.406
XFR5X,3.389
G2GKW,4.684
CX9HG,6.541
MTKSO,6.184
3XV94,7.513
4VB8E,4.991
5GDRU,3.913
NVBWM,2.041
U6EZ4,4.045
YPQP8,2.301
AM6GE,6.411
WDOTC,6.384
JAFEC,2.678
4ZPFQ,3.57
K4CES,3.124
F2124,6.723
SRP3R,6.639
EIKUK,4.157
2YHIL,7.858
3MXNO,5.75
PBYWI,6.601
4M6RM,5.355
WZTAU,4.47
0XNJH,6.597
46I63,4.548
PX8IA,4.89
DV9PB,4.149
WCGPM,4.572
N6S0E,3.666
PUEOG,5.285
OZIXT,4.136
PUSXF,3.86
QHOU9,5.436
FH3VF,5.175
MP2WU,2.412
WTULD,7.501
QPOH1,5.006
I5WQE,6.268
SWZPM,3.703
PFVT7,5.44
9DBCS,5.778
NBMM3,3.015
LHZZB,6.044
GR2DX,5.356
FR5OV,5.029
3OKS2,6.888
BNLL5,2.975
YIYUE,6.325
VFUKC,4.433
B3BND,7.283
IYCXG,6.161
I5QO7,4.525
3OSLP,2.219
YARCK,3.548
ZXO9B,6.413
FXGW1,3.698
UXTEE,6.456
D1ENY,6.278
4WCEV,6.148
SJU0R,4.683
4NH4G,6.185
ZXSVN,6.369
LI7HG,4.266
HYNAK,5.385
CTUCK,6.012
9TIS9,5.258
ZA97M,4.105
TYGXE,5.539
BTGIH,4.227
X7KTF,4.871
PPULH,6.351
U5NQG,4.578
DZZGJ,4.146
JFSPK,5.726
IQ7NF,6.598
MF7S8,4.78
QDLZR,6.171
MKEUM,7.694
LEVW9,4.921
LD5VP,6.784
V4HFB,7.474
WGERT,4.702
8GJT9,7.011
JGTAN,7.863
C2KZ8,6.427
GJLKQ,2.644
CJTKP,5.015
IXQKP,2.493
TPDSZ,2.415
C8GCQ,3.602
R3XNJ,5.622
KYX9I,2.039
O2WAQ,4.422
F3Q9A,2.16
CLZDE,6.375
EBKXV,5.745
A9T8U,2.216
9X36F,2.412
ZWDYM,6.999
GW7UX,7.713
GMFYV,6.76
ZQ9LE,4.963
ALRDE,6.034
OUISU,5.144
OJ3LM,4.714
8WS30,4.995
NPKVQ,7.854
BYDHZ,4.307
HV42C,3.712
LEUJV,6.728
AXGD4,6.444
ODNS1,5.306
BQWW2,6.923
NBSJ3,6.717
WVVZ9,2.38
OQOPG,4.655
RMMZD,4.592
NVNCS,6.692
N3QCE,4.563
JHYNR,2.861
PKASO,3.189
FSOT8,5.484
MPU7A,5.853
IKEGR,7.181
J1BXK,5.477
QBSPN,4.896
XGBDD,3.848
UWHUL,5.341
EFQN8,7.099
STKOA,5.261
OACCB,2.778
AK3GQ,6.353
LEIKY,5.978
BZWVQ,5.398
S6Q2X,5.241
N4WZM,6.56
GDDMC,4.462
EYDFU,2.401
CUHIQ,3.568
6IXKN,4.144
QORUG,7.861
YBC0I,4.433
VFVDN,7.48
ZXFDI,5.238
FJHHW,4.135
ZF110,6.773
OBH3M,4.918
YQNLN,3.943
DAGAH,6.322
PSJAV,4.891
6PDSQ,2.66
AIPVY,3.669
GQK1J,7.95
4WTH7,3.327
MFOUN,2.89
39OEV,3.511
HHLMY,5.676
JU3GC,2.369
IOBF3,2.353
XJ9XT,4.684
BWWUX,7.913
DX703,5.883
GITUF,3.264
ZN7BG,3.5
B5QCE,2.707
C9BWQ,5.458
VRUJW,4.162
C64L2,7.854
1I73K,4.906
L5GSG,6.627
K51UU,4.94
UFG1A,5.22
5XGK7,3.72
QUVAE,3.078
5YE70,7.244
NBIC2,4.61
KL0EP,4.066
Y2D9Z,7.666
X76KL,5.662
JJWEM,4.98
JMTL6,5.39
XOOXN,7.078
UFFBX,2.804
HIK7D,3.798
UB3U6,2.764
PMM0E,7.121
GJNFG,5.507
0H9XC,5.834
YWAQW,5.759
BWGNL,5.489
OIGFT,6.503
VAIAW,7.106
USNBR,2.306
5UMZ9,7.946
NR43V,2.961
BXVXY,4.527
PGKMJ,2.344
FJSYQ,6.027
2OB7T,7.696
KTV79,5.615
LNNUD,3.475
GVUIL,3.284
V2DRS,4.022
N5IES,4.014
XME8V,5.717
LQJTQ,2.984
1WJVZ,3.625
CIO1E,6.628
U2S3X,5.595
EH7CZ,5.598
SFCFP,4.25
EDUTQ,6.645
ZYEGF,3.19
LTGSM,3.975
AD9TX,6.35
7UB4G,2.286
NSFVD,4.013
08GHY,7.214
9NSP7,5.388
9LPM2,2.92
VUEUD,7.896
LOOSN,5.299
J2LQM,7.193
CROE5,6.764
KOHXV,3.483
LL5W7,6.488
X3IKJ,2.088
T2NCF,6.178
4TGOR,2.628
YQRH5,7.223
K5XNV,2.106
8QJET,2.492
ZZDZI,6.729
ZGWCJ,7.56
EXONN,7.409
YZYKP,5.351
24RND,2.509
SSYYI,2.381
VOBJT,6.208
FNAMB,5.323
4UJSO,6.608
EHRST,7.313
2K9CK,5.16
LGCRG,5.533
QSBCP,7.542
XKDPV,6.107
DOLOX,2.878
SQ2BQ,6.868
6DQQK,6.821
0GIJZ,6.286
A0T75,7.781
JCLUR,3.481
YAZOO,7.556
OLUS0,2.515
9BX0J,2.27
FMJSH,6.628
KNCHD,2.172
WE8PU,7.846
6DSEC,5.067
PYOYM,3.869
TMJTI,5.633
UYX0N,7.501
KUQEY,4.942
MSHG7,4.477
P5YOB,3.064
SJ1RO,3.992
MFMOC,7.207
FJCST,3.504
HRPMH,4.671
JICZD,4.505
WGWFR,2.46
0LYFQ,5.832
S32T4,7.673
KNUU7,6.756
HJJB0,5.843
H3CEN,7.859
YSB6A,6.169
AI7RM,5.183
5UZFT,6.071
LCSEM,5.99
C2SWY,4.422
6KFTX,2.734
W1XEK,2.496
QZTP2,3.01
RNQHX,7.37
PQCBB,4.884
CT4P1,3.321
SWJHJ,7.623
PRWLR,4.946
ZDQJJ,7.605
FFXSO,2.858
WERLO,3.883
UHTNI,5.751
JUJMI,2.568
MCJND,5.97
5MLZI,4.087
WAYNG,5.218
5FWOF,2.36
APRXA,3.751
LFYY5,3.045
AHIYL,7.049
F0A3P,2.651
8QIFX,3.535
GIGKR,6.776
BXONY,4.739
EENNY,7.942
HT48F,3.058
0130C,7.946
MFEJN,6.211
KXOHJ,3.0
KUEKD,4.43
VM3GZ,2.587
1SABE,5.513
VZLNJ,2.086
6Z5DQ,6.888
SXGCH,7.963
XIXAW,6.504
T2BOX,5.256
FNZ9G,7.984
CGFC0,4.694
LKJCE,4.963
VCHD5,5.003
2LYK9,2.318
88GTE,2.013
1MSZU,2.111
KEAHQ,4.671
ZXGBN,7.716
P188P,5.378
X3FLD,3.569
TB3LB,5.433
WSWEG,2.068
7ETFA,4.235
MMRLR,7.112
MRV4R,4.183
7KWX6,4.579
STTHC,4.808
MNL9K,6.395
AJ8QM,3.059
QFLRA,4.613
ZVBN3,5.374
OUQRL,6.773
BBUZH,2.006
YHSZV,5.603
5DU2H,5.633
XAXIE,2.659
8XLPU,5.151
NJL5C,7.638
EJOYJ,3.342
AQOBN,2.878
I54SV,4.075
NSVGT,3.402
R5GPR,4.524
MNYMP,4.969
WNLPJ,6.827
78QED,6.143
CD7QV,4.644
WXSHP,7.915
AJE6I,2.349
JH7YW,7.988
I9ASU,7.032
PW8WS,3.756
ISAN0,3.74
XDQON,2.973
NT9UC,7.356
TI4DZ,4.28
FZGZX,7.705
CD78F,5.102
WP1VN,5.693
GJZHB,5.726
R8DJD,5.658
ZFICZ,6.794
CZGIM,4.538
WZKBJ,2.113
2Q09M,2.834
46DQI,5.994
OPOGH,3.634
UMHYW,6.225
OQQBN,2.08
MKXTQ,6.143
ZIJUU,6.933
LMEDM,4.192
BP3ET,3.22
6K3VL,2.822
OTJ8U,4.588
SWSUL,2.108
V4QY6,7.331
53ZNN,7.29
LJDPW,7.43
SFWRC,4.249
9BUFF,7.023
STNF7,4.511
JS9LB,3.812
GAFFX,3.746
UC592,5.455
S7S5V,7.805
YQA6J,6.911
9G2I0,7.536
4TF3W,4.546
CKZDB,6.033
D27HU,5.423
L1M4U,4.572
HDX1N,3.075
JGKMN,4.897
EMTBQ,6.931
GJYDX,3.832
XDMG6,4.829
1OYFV,4.953
II5M1,2.623
0KTK6,3.074
XBUDW,3.296
UIRJQ,4.247
7DCNJ,2.099
LW736,2.383
QMRVD,6.727
HDRR3,2.6
6AIOL,2.185
CR0RA,2.473
T2R8R,7.999
Z4LMI,6.486
QO0ZF,7.608
D0HT4,3.023
JCPOS,2.56
JHFI2,5.475
TGXZQ,3.327
GWGZD,2.197
HOKSD,4.242
9GDOA,3.923
D1QXP,7.054
ARLBW,3.613
MTH2Y,4.887
RSXIQ,6.673
MX5EN,3.799
BKGXM,3.521
K1RDY,2.419
TME1S,3.883
DE50J,3.751
L3DLQ,2.253
9WWMB,4.351
OAYNH,7.544
GSOL8,4.895
WTBPT,5.543
BW2H8,7.065
C6PBY,6.549
2C1AP,3.352
OKZYW,7.679
B33N8,6.598
9N7UL,2.27
Q2OV5,2.343
EH98A,5.411
LZV2I,6.918
ZMVZ5,5.797
DTZAU,7.934
7DTP4,6.379
SVE2Y,6.775
00CGX,3.227
CG3TA,6.989
LFD7Q,6.057
73V4A,7.398
DVBS3,5.934
0DBGT,5.371
ION6X,6.391
TREKJ,2.11
WFXP4,2.218
VVIVT,5.032
BFEEP,4.995
A77WN,6.938
6WYNP,3.529
OK8IO,7.919
H5DBD,5.964
CZEUN,4.732
PNVKJ,7.648
OHXDV,6.179
DEIC6,3.228
L06MU,6.753
F9Y5R,3.434
3ZCZH,6.662
28RSR,6.703
RXBDQ,5.133
XZ3QV,5.083
RE20D,2.706
0XHTE,6.115
WQZHK,3.167
ECJLH,4.444
VQHBZ,5.122
IJTU4,2.528
PWVIW,7.216
AGNRE,7.078
9NOQL,4.093
BQ7BQ,4.802
XRWMM,7.152
EXGL8,5.93
SQ50R,5.872
ICIQ6,6.629
ANCPC,2.215
IRV3U,6.808
LWVSB,2.51
UWM2J,6.392
DIZKA,4.544
UGOT8,7.277
QJSYW,2.611
LHK3W,6.714
SU64L,2.693
ROWB2,2.357
ZSPHK,4.128
AX5AS,4.56
0WWEB,5.816
8NZI1,4.126
2EPTO,3.65
WQNTU,5.389
WDXG2,2.048
DRZXF,2.14
KYWHV,7.218
CRWO7,5.577
ZKD0D,5.586
RBDWD,5.983
LLRPY,6.039
TDXS4,5.154
JUBYC,7.095
7AZR6,6.534
A5QBW,5.516
SG9DF,6.312
DHMCY,3.078
3JZAJ,7.577
IIIYT,7.117
ZEQIA,4.203
0XTYJ,7.07
H2OB5,6.216
TQJYA,7.029
SIMIW,2.279
5NGJM,4.529
6RRVG,2.89
AQ4U7,7.852
PREG1,4.736
HGUCQ,3.294
3NFOC,6.12
CFVMC,2.892
AEK9N,6.259
YMGCF,2.485
IMVC7,3.117
9FIQV,5.534
XVDXY,3.112
2FPGV,4.557
4DTYP,2.266
JPE6Y,2.476
X5D7U,6.541
DPLVL,7.088
I42I8,5.951
S1NIQ,5.44
YBF1N,6.431
73AEX,6.049
ACH3T,7.495
ZLRCJ,2.726
3GPIW,7.143
0T43K,4.239
IN9DH,7.996
MIWAZ,4.348
VLEDV,2.911
RKGOQ,2.258
CZBU2,4.292
XEKJB,5.758
0LTRX,6.734
9O3LM,6.271
JVQ8Q,7.214
U0DMZ,2.792
R9BFT,4.145
QOM7F,4.903
OGRLA,2.767
AE7MB,5.049
QI79T,2.205
GRMCN,3.886
CWNK3,3.458
XO3HO,7.326
GB3UF,4.392
GK9OK,6.09
XXASI,3.288
FTYCV,4.908
5F5TT,6.447
PXDCK,6.764
EZLQS,6.966
4COGA,7.622
9IHM1,5.039
FXTIY,6.483
CNIJV,6.08
SBRWI,3.458
60QKE,5.414
RBDEP,2.631
TSR1Y,2.986
TBOMV,7.137
UBMY1,5.668
ZTM8M,7.472
T7AG9,4.878
BY7GF,7.143
Z1SG6,4.358
EEL3R,6.261
EOH6G,3.762
TUBYY,7.506
NLVHU,5.571
BJJPE,6.57
VGLV6,2.521
4HJKG,4.819
PR6WK,7.987
PIWRR,3.906
4QUIB,6.684
VNM6W,6.65
NIRWS,5.357
TP6NI,3.782
240GZ,4.333
JTSWO,7.226
W2Z2Q,7.602
Q4UET,7.574
FEDHK,7.405
A4XVG,4.577
XVFV4,2.063
OPZMA,4.813
AZ3OR,5.729
WYQZJ,3.008
MTK6M,5.961
9WZYR,5.02
XQFV2,6.795
XKSGL,4.513
MICYU,3.164
ZRZU3,2.294
F9KSK,2.134
P0NVI,4.895
7Z29V,2.344
IB8TE,5.818
6KT6K,3.852
D7V1S,7.229
SCUUG,3.758
SBLWW,6.184
2MYIY,2.159
E8NH1,7.703
KMEXM,5.691
GMLQD,3.005
ERUPQ,2.311
CG83L,5.247
BELNS,6.474
TOFIR,2.053
GOTCH,4.152
85UZQ,2.331
PLP6V,5.038
E8CWS,2.63
OUI0V,4.489
XAGSG,7.071
C77CY,3.487
Q2CD0,2.227
N4BQ6,2.71
NMYI0,7.978
YS5M3,6.782
A9JNX,7.142
LNQSJ,3.2
9PCHQ,5.398
5BCZY,2.572
CHTVQ,6.481
ELG1W,5.682
7BPMF,6.544
YI9MR,6.214
IRHWW,2.444
WHH5V,4.038
WZH9F,6.787
II60H,4.795
OVFMP,4.981
ZHKLU,2.425
9OHEZ,3.278
P2BPG,5.185
7MY0K,7.626
0AJGH,6.796
XOLEV,6.696
TZF5H,2.302
IQCWA,2.757
IQIA6,7.043
QHLPT,4.925
N83B6,4.648
ALEVM,7.32
P9VWD,7.416
6W8OT,7.342
CXEXC,6.41
TBYEV,5.527
TM3WP,6.096
O3IDZ,4.151
ZQOTC,4.314
EGGDH,7.25
UHUHP,2.917
A0OVB,5.976
XOUVW,3.545
AWTVS,2.119
PFSSW,3.222
ONPWF,2.566
IVJZ4,7.495
BM0MH,5.79
J2SCE,5.157
6J9ZW,3.932
YLVHN,3.938
WWZAQ,2.909
E3VUB,4.539
ATMVZ,7.718
YJSHT,7.092
YZK2C,5.126
6QS9T,6.724
2MTNY,3.226
OUKUD,5.889
1ZSX8,2.931
WAYJK,6.013
F75M5,5.798
KKBW7,7.032
NZLEU,2.894
W8NU6,4.365
FCKIR,7.387
FHG9U,5.432
KASF2,7.919
8PKPY,4.341
T3FDW,2.668
SHSBS,3.127
RVXJ0,7.596
HO4XF,5.343
HHUSR,3.09
SCXBS,7.103
I8XWV,5.076
FBLUK,5.559
ONJFL,6.33
H6PDY,6.861
T6OEE,7.898
1NKIM,7.203
AZPLQ,2.058
2OPNP,3.417
KSTZG,6.966
P0R4W,3.048
SE3QQ,4.07
GK8AB,4.193
YYEWD,6.035
RED4V,4.206
BSCEG,5.783
ZWSAS,4.931
OG0VM,2.125
58PKV,3.702
2C627,5.203
ZRWEV,3.379
53QXB,3.88
POAND,6.318
RPHJO,6.431
QNL82,4.273
3JRCB,5.464
NKL4S,4.187
WBR2Z,6.515
1YALT,6.555
AULPE,4.193
ZZU4S,7.318
9EBCI,3.753
Y6QIL,5.759
TSKVV,6.197
S3QDS,7.652
ZLE9E,4.214
DVGRC,5.78
XVYS6,4.227
1ZO7A,6.755
HQKLO,5.104
TDMTM,2.204
PE8JC,4.71
TS9I3,6.303
BXVWO,7.026
TD7KF,5.023
D8E5B,3.48
VIIYO,3.544
RNEJT,3.991
BYUTD,5.052
ODKJN,7.937
RYPIC,7.719
PETUS,7.6
L4PPR,2.496
LXHVF,2.281
D3J6H,2.546
0Z4AU,2.102
QMMHP,2.383
1KHHL,7.283
WYUKV,5.577
OJCFO,7.702
INPFN,4.381
BYXWT,3.652
CB7KG,6.538
JGRFN,7.021
CIBY7,4.546
V77A1,2.843
TYQPM,2.42
A8VCT,3.188
V5TLP,3.473
VODLL,2.843
P3NZN,5.691
USKZD,4.12
UIHJ6,4.367
OO2TB,2.964
NFTMH,3.145
JCFCY,2.709
ONYKH,4.691
WULDJ,4.975
S3KC7,2.421
HHETU,2.63
SUKIW,3.879
X2VXV,7.211
NYDLB,3.343
G351L,5.582
4HSWH,7.055
SHJCF,2.389
SGOW7,7.465
YGQNS,7.909
YSPDC,4.355
VGKIG,3.07
PGXGJ,2.408
GZFFO,6.102
YTDPT,6.913
7UWJX,4.64
KQOAV,5.755
5FEHM,3.166
RD4JV,3.114
NBLOL,6.12
U6RXQ,3.262
UEINH,3.568
JSS2C,5.784
XR9OX,7.15
I5VRB,7.907
FXCWV,6.355
IFD6G,6.97
LMVCN,4.18
MPVA3,7.319
ZAWDF,6.259
9ELM3,2.537
WQ2IM,7.021
CYFPT,2.994
SW0IO,3.455
B7ZGQ,6.482
XEINS,7.986
NFSA9,6.845
INWXI,5.006
TMGHM,2.014
S5FDI,5.996
O8NV8,4.568
7MHL4,2.958
OWTXI,4.332
G2M9F,2.627
CKDUZ,7.495
NRG0X,3.125
QQQA4,6.706
80JVR,2.12
PKWNT,3.801
STRH1,5.792
PQEXZ,2.353
YJSRZ,5.809
IGBRU,6.954
QGKJO,2.247
1P9C2,4.298
HF6JY,6.099
C58BA,4.298
PT5ES,3.936
BB7C9,4.616
TO3VM,5.816
5PBAC,6.899
9UGSD,5.483
PIS72,3.764
53KH5,7.753
VEHUX,5.964
UEL35,5.993
Q9T4I,6.371
UOYXS,4.795
THSOJ,5.695
DMYN2,2.73
WJOQM,3.473
XRND7,4.255
PBWH6,3.611
2TAJ9,4.966
YFHBN,3.647
Z0TCA,4.061
VBCBJ,5.86
S2ZQX,6.798
